id_person,nome,music_fav,amigos
1,Lorne,"404,123,586","1369,1744,406,223"
2,Gavrielle,"384,41,550","845,1134,1933,823"
3,Cordi,"52,391,39","352,528,998,976"
4,Florie,"368,155,76","736,1172,1584,443"
5,Odessa,"536,590,507","1783,1497,1915,425"
6,Sandie,"67,159,221","234,506,704,1583"
7,Sam,"395,22,559","1218,1870,1175,389"
8,Leanna,"245,159,491","628,1192,430,198"
9,Jasmina,"114,32,331","1025,1227,691,1089"
10,Lolita,"190,33,47","63,1417,929,1706"
11,Anestassia,"452,536,480","768,628,1983,1258"
12,Chandra,"244,123,166","640,729,9,421"
13,Raf,"560,413,28","1727,1986,1741,1643"
14,Teddie,"315,192,468","135,120,1755,62"
15,Melina,"60,42,590","1433,1997,863,1239"
16,Valli,"110,339,590","1868,826,1552,1549"
17,Emma,"464,375,585","1780,1155,356,1564"
18,Judy,"28,96,296","637,87,706,1989"
19,Kenna,"415,358,5","335,1511,921,1966"
20,Taffy,"298,199,401","212,226,1949,1896"
21,Madalyn,"327,129,335","1053,1370,582,1324"
22,Fred,"298,355,462","1504,1173,423,1864"
23,Bobbi,"235,118,34","1252,901,1137,1921"
24,Jacenta,"361,188,43","36,735,1213,1101"
25,Zia,"203,309,363","1632,1538,696,1743"
26,Drucie,"100,393,436","892,1906,26,720"
27,Elvira,"144,289,310","51,900,1151,965"
28,Ashlee,"532,134,241","376,1851,245,916"
29,Hannis,"460,81,322","677,470,1968,1425"
30,Charmaine,"570,293,543","182,1477,93,1972"
31,Edith,"359,483,219","695,1470,1726,864"
32,Sam,"323,411,48","1890,1043,1005,1162"
33,Christian,"368,364,371","863,1608,1596,223"
34,Dianemarie,"11,142,474","857,1824,1580,1227"
35,Bibby,"48,135,199","883,318,161,1813"
36,Krystle,"355,215,153","295,1833,1622,1208"
37,Luci,"536,444,64","1583,1023,763,1997"
38,Maryellen,"329,311,528","748,1825,139,877"
39,Pamella,"160,438,471","294,1859,1899,1530"
40,Elie,"507,513,576","942,691,1319,1002"
41,Sophia,"185,361,160","28,1576,1802,1759"
42,Marline,"60,560,363","1168,1875,1973,1490"
43,Romona,"510,483,588","837,1659,399,966"
44,Sharlene,"303,72,247","608,879,1764,98"
45,Alie,"8,28,59","204,734,1982,1562"
46,Henriette,"500,60,524","1939,746,571,1369"
47,Luci,"538,297,574","1252,1242,1153,1932"
48,Genovera,"366,139,443","1758,266,1614,1594"
49,Jere,"326,233,20","1204,1353,667,717"
50,Maurene,"437,199,65","1385,1130,1477,1272"
51,Lanna,"336,74,222","853,85,1751,718"
52,Felice,"283,428,382","1901,855,1146,422"
53,Sindee,"49,71,50","585,1806,1785,15"
54,Madalyn,"571,348,185","1227,1519,324,29"
55,Marguerite,"341,551,43","1609,216,1132,1379"
56,Dorothy,"83,340,558","1635,1794,1305,1502"
57,Lila,"13,267,399","275,814,1725,304"
58,Sindee,"520,475,155","799,420,1738,1259"
59,Eve,"126,180,379","1017,591,1615,711"
60,Beverley,"575,573,468","1546,1963,546,1641"
61,Jorry,"48,193,401","1478,1723,755,26"
62,Esmeralda,"51,217,464","1497,1479,473,1376"
63,Brooks,"600,167,143","139,1111,537,1269"
64,Mamie,"594,230,369","804,1273,1465,700"
65,Kimmy,"100,352,552","1478,1104,1595,696"
66,Chickie,"345,39,461","109,655,59,67"
67,Gratia,"95,301,296","560,904,791,29"
68,Jenda,"492,108,124","871,612,613,263"
69,Ottilie,"217,318,235","1198,1203,507,644"
70,Phylis,"203,509,405","104,1512,191,1985"
71,Desirae,"534,286,363","1823,757,563,1091"
72,Kerrin,"127,354,287","176,1794,1293,6"
73,Ronna,"180,238,593","1160,1802,179,512"
74,Phedra,"416,348,546","488,559,444,588"
75,Delilah,"372,289,425","1142,341,607,551"
76,Bettine,"115,503,416","208,661,245,426"
77,Elora,"535,102,514","1485,771,1926,777"
78,Janey,"539,505,307","1394,1882,1833,688"
79,Randa,"344,361,374","1104,1830,580,1628"
80,Claudina,"226,529,505","1726,568,1070,664"
81,Beth,"283,562,532","1655,1608,767,247"
82,Konstance,"129,243,417","1032,1027,1165,1808"
83,Lonnie,"43,210,25","1538,1234,1087,1344"
84,Frank,"325,578,195","573,1826,1356,79"
85,Shauna,"330,323,354","180,36,1966,1384"
86,Lorne,"122,440,499","28,883,1107,685"
87,Felice,"447,226,67","1791,1870,1799,488"
88,Concettina,"49,19,54","805,174,304,336"
89,Bee,"525,38,118","1692,531,1524,190"
90,Joelly,"103,209,594","1601,1276,257,1008"
91,Ellette,"6,252,158","1951,846,1935,1360"
92,Myrtice,"7,507,368","1342,1873,1999,1759"
93,Heddie,"476,262,518","214,419,1692,1372"
94,Genovera,"526,601,161","1916,877,1592,262"
95,Madeleine,"112,422,212","398,538,576,355"
96,Lizzie,"132,196,374","1118,236,1202,990"
97,Frank,"457,336,106","594,205,1180,861"
98,Catrina,"267,251,465","1904,354,1809,1880"
99,Katleen,"319,201,538","149,558,775,601"
100,Fayre,"500,331,383","1611,151,523,123"
101,Linet,"383,309,49","271,1875,365,234"
102,Nollie,"49,469,480","336,315,604,1311"
103,Aili,"284,212,53","1397,435,1185,192"
104,Luci,"215,411,107","1178,437,1959,1835"
105,Katleen,"570,156,213","676,141,1968,333"
106,Charlena,"418,11,527","1151,1711,116,366"
107,Rayna,"331,288,347","1947,1162,644,1315"
108,Zondra,"219,333,303","1567,212,670,1447"
109,Ricky,"55,61,278","1590,1902,1839,1881"
110,Katharina,"49,240,487","747,1403,1073,1546"
111,Jinny,"22,9,353","1629,26,41,1907"
112,Jsandye,"306,374,515","1890,707,1388,1612"
113,Carilyn,"581,326,456","1758,116,1692,1651"
114,Brena,"555,178,50","50,1318,823,558"
115,Alleen,"367,181,413","351,1092,1257,1224"
116,Emylee,"438,186,154","388,855,596,832"
117,Estell,"17,256,556","1426,805,771,1531"
118,Ninnetta,"491,141,159","1646,1080,474,1669"
119,Georgina,"503,155,390","9,876,1406,1638"
120,Lexine,"283,272,480","745,723,1981,1297"
121,Doralynne,"243,125,375","1241,897,921,1185"
122,Flo,"394,536,472","846,1179,768,1053"
123,Misha,"335,160,549","359,1425,960,872"
124,Adore,"288,325,16","1593,1223,1672,821"
125,Gwyneth,"581,579,302","1799,176,308,408"
126,Orelia,"345,164,98","1570,626,1735,1529"
127,Lory,"253,470,267","98,214,1452,1850"
128,Hannis,"53,339,486","1175,226,1154,300"
129,Lelah,"116,518,488","1539,1863,562,119"
130,Katharina,"360,60,102","783,589,447,992"
131,Bill,"378,230,577","1118,1195,655,1515"
132,Rhea,"254,127,143","1011,381,1674,1171"
133,Doro,"513,365,452","1260,1678,1701,1457"
134,Rosanne,"316,338,504","854,140,447,1267"
135,Bee,"110,293,504","419,1178,1214,1106"
136,Marguerite,"146,36,525","1945,481,971,330"
137,Fanny,"300,393,78","338,1880,1227,842"
138,Elena,"483,163,276","1135,1784,1490,773"
139,Lorie,"151,131,575","1399,1825,152,672"
140,Joeann,"407,188,202","1771,766,669,778"
141,Bee,"79,564,305","1131,1187,412,1697"
142,Basia,"596,539,117","1094,1967,550,54"
143,Aigneis,"184,262,482","102,1928,1493,1307"
144,Tabbatha,"594,131,28","1171,673,1290,327"
145,Adriana,"589,517,519","1500,1288,1481,1263"
146,Ezmeralda,"463,117,521","515,1802,1651,71"
147,Marcelline,"52,403,108","1519,1757,1040,552"
148,Glynnis,"152,150,98","1338,1776,1436,796"
149,Elka,"168,254,400","123,1942,1771,1992"
150,Sean,"452,548,594","1802,742,538,480"
151,Dania,"371,228,217","1208,1367,1499,615"
152,Jessy,"168,251,78","751,1190,226,171"
153,Viviene,"225,197,434","1044,1035,944,153"
154,Raquela,"16,274,500","1071,15,1087,1636"
155,Adelle,"344,492,22","1829,1052,499,1045"
156,Elmira,"194,161,122","1426,133,407,1327"
157,Raina,"159,234,38","1763,559,759,1974"
158,Josephine,"259,448,512","498,1600,1397,671"
159,Consuela,"382,521,19","1793,1042,1257,1504"
160,Theodora,"445,155,182","796,868,600,118"
161,Ayn,"37,512,165","1364,84,146,652"
162,Fanchon,"309,361,481","1549,639,619,669"
163,Correy,"98,420,26","384,974,38,1787"
164,Lindie,"551,143,484","1213,848,1285,1544"
165,Adelle,"444,220,411","1382,962,996,375"
166,Ulrike,"387,462,224","881,184,1870,1805"
167,Letizia,"265,90,533","1006,1016,1758,1098"
168,Sibella,"133,89,4","322,1546,194,539"
169,Aaren,"526,438,557","285,405,1650,730"
170,Isa,"326,186,30","506,541,1726,819"
171,Robinia,"306,102,189","170,1311,566,1797"
172,Elfreda,"241,543,419","71,1480,210,144"
173,Janenna,"407,255,222","1389,1011,1137,1730"
174,Maisey,"524,65,142","291,1713,371,839"
175,Bernie,"59,86,28","644,1276,352,1458"
176,Quintina,"216,364,330","72,383,790,360"
177,Alie,"493,540,215","258,61,816,211"
178,Ira,"122,343,183","168,666,843,521"
179,Emilia,"546,351,20","1311,106,1949,1420"
180,Valli,"544,1,248","29,86,1099,1575"
181,Shannah,"507,429,310","319,387,1316,742"
182,Carmencita,"524,96,176","534,938,305,881"
183,Rosene,"261,485,473","1023,592,1787,828"
184,Wynne,"117,487,328","1354,1018,8,1693"
185,Hettie,"328,16,64","742,1460,386,30"
186,Netty,"518,255,54","1027,105,568,1802"
187,Heddie,"127,255,541","1743,1882,1976,963"
188,Modestia,"343,138,168","1063,1530,435,183"
189,Ida,"34,400,262","542,205,784,1871"
190,Nariko,"583,150,510","1314,423,103,269"
191,Ayn,"218,246,161","192,1761,1506,411"
192,Carree,"480,175,539","1251,83,711,315"
193,Dulce,"27,201,223","1965,1562,207,505"
194,Chloris,"518,369,170","956,314,1927,384"
195,Carmela,"175,113,131","1592,501,1734,777"
196,Hollie,"79,598,553","89,1879,858,401"
197,Sophia,"118,374,382","786,620,1159,1453"
198,Lesly,"546,216,6","1930,893,63,1954"
199,Darci,"330,558,43","697,1205,952,1500"
200,Norine,"468,323,365","356,310,1246,248"
201,Alia,"287,282,58","1744,1133,613,669"
202,Silvana,"272,418,54","1728,647,392,59"
203,Zaria,"542,320,57","530,226,466,595"
204,Zaria,"17,75,61","1984,991,1953,490"
205,Merci,"499,303,105","643,297,1124,36"
206,Brana,"105,66,254","1478,720,1202,1350"
207,Constance,"271,264,554","1031,212,618,817"
208,Ernesta,"321,3,333","1014,237,1314,1291"
209,Lorie,"573,1,92","716,887,1782,473"
210,Jan,"181,445,423","902,502,1518,388"
211,Liana,"242,540,190","390,1766,1780,1098"
212,Pearline,"309,145,95","647,1360,1254,496"
213,Di,"215,601,167","25,999,1159,840"
214,Lory,"532,586,158","379,833,708,905"
215,Dorothy,"295,423,191","135,456,1761,1722"
216,Eve,"389,484,389","738,1630,460,645"
217,Carmencita,"533,538,422","1625,1360,680,992"
218,Lynea,"553,148,143","1323,1572,631,493"
219,Ida,"57,388,574","131,680,1045,986"
220,Elfreda,"451,257,495","846,469,1205,898"
221,Theodora,"337,314,428","1166,1045,1571,306"
222,Isa,"161,469,126","78,879,1132,792"
223,Livvyy,"356,400,407","951,1083,1707,1505"
224,Siana,"234,74,49","389,718,1699,1682"
225,Lucy,"272,470,348","792,29,1916,787"
226,Karena,"230,248,473","286,217,1802,1993"
227,Jasmina,"446,237,535","1091,652,1210,728"
228,Beverley,"597,329,199","817,603,1659,595"
229,Cherrita,"242,19,197","649,1966,1490,955"
230,Marita,"477,19,426","1110,1310,1084,1695"
231,Kial,"135,275,148","484,806,11,1410"
232,Tina,"243,567,495","1720,108,1795,1686"
233,Sherrie,"333,363,449","903,1815,444,1292"
234,Benita,"209,75,561","1207,1186,1366,1761"
235,Robbi,"371,435,523","1007,1226,1254,1622"
236,Philis,"492,78,379","634,374,1848,18"
237,Maridel,"414,524,35","520,1420,625,1648"
238,Merle,"131,230,189","1462,485,416,1835"
239,Maud,"601,377,542","907,1636,1942,412"
240,Lynde,"474,342,98","1519,1255,554,1602"
241,Betta,"161,207,16","10,1157,1492,864"
242,Cristabel,"213,17,514","6,1477,452,52"
243,Riannon,"419,137,167","662,1094,604,1803"
244,Gilda,"357,529,27","10,1630,1527,881"
245,Anthia,"152,152,496","1663,667,390,1848"
246,Fernande,"335,312,260","551,357,1728,743"
247,Carree,"535,171,220","1206,185,578,216"
248,Fanny,"539,66,585","1951,1623,1814,311"
249,Leona,"587,31,453","1168,1929,551,1123"
250,Blinni,"476,156,584","1445,168,1041,233"
251,Viki,"58,276,396","185,1723,950,1990"
252,Kirbee,"353,532,566","1269,1331,907,281"
253,Charmaine,"431,133,119","208,1133,1600,1301"
254,Jean,"403,217,102","1914,23,488,1639"
255,Hildegaard,"120,390,60","698,1850,166,1692"
256,Babita,"208,338,206","385,1375,52,1185"
257,Kirbee,"382,396,483","1986,455,751,1988"
258,Emma,"523,543,361","422,1307,1805,1984"
259,Cyb,"345,506,316","1398,490,1767,1909"
260,Dagmar,"398,4,459","1466,891,250,704"
261,Elyssa,"240,134,239","6,810,1216,1904"
262,Romona,"390,9,104","1908,315,1700,1159"
263,Ruthe,"282,117,268","1567,1092,1304,754"
264,Hermione,"170,230,546","1090,1445,1496,141"
265,Josephine,"328,32,166","546,1681,1455,1437"
266,Rebeca,"97,35,108","1787,999,1114,37"
267,Laurene,"533,570,46","78,1499,1132,99"
268,Brietta,"26,598,471","97,119,1454,116"
269,Nessie,"182,413,359","208,1881,1365,1795"
270,Roseline,"440,71,199","473,798,703,1060"
271,Jackie,"345,598,397","1173,1035,944,692"
272,Evaleen,"541,133,526","579,75,43,503"
273,Rosabelle,"337,108,381","1951,519,101,369"
274,Lyssa,"70,531,179","601,353,84,941"
275,Dawn,"230,409,104","1398,1804,799,1783"
276,Nonnah,"438,462,297","766,609,56,763"
277,Lexine,"215,209,379","185,1916,586,1687"
278,Lorne,"536,406,316","962,1464,1590,33"
279,Danika,"264,457,143","1276,272,1802,1089"
280,Mariann,"537,529,91","762,1913,620,364"
281,Molli,"158,298,88","684,467,634,1201"
282,Gaylene,"394,454,97","386,401,1948,1853"
283,Heida,"524,131,184","454,768,1680,1400"
284,Maridel,"413,130,387","1406,1698,1757,227"
285,Claudina,"76,552,301","729,825,1112,1733"
286,Angela,"127,536,379","1066,1943,745,195"
287,Constance,"499,327,461","151,21,1935,1895"
288,Grier,"73,218,279","588,1041,1559,619"
289,Caryl,"110,75,281","1157,448,354,594"
290,Orsola,"216,476,514","845,1173,599,87"
291,Daphne,"87,103,26","1484,1054,1239,1450"
292,Arlena,"282,86,326","1390,1040,536,156"
293,Marsiella,"351,380,125","1140,250,1630,1027"
294,Merci,"281,102,500","906,760,802,574"
295,Gwenneth,"596,243,335","1538,218,1027,1018"
296,Oralee,"585,142,165","528,702,1934,846"
297,Tersina,"538,234,261","1827,1795,1669,212"
298,Yetty,"86,502,451","1746,759,1102,440"
299,Adore,"67,95,477","1183,574,511,1601"
300,Ninnetta,"412,161,515","439,1913,479,1145"
301,Kayla,"555,577,195","331,1016,1462,1852"
302,Christal,"214,109,519","1220,1270,284,1340"
303,Nadine,"128,196,481","1597,707,348,484"
304,Frieda,"528,599,261","1046,858,704,580"
305,Jemie,"181,20,275","1161,1922,1578,11"
306,Charmaine,"283,488,158","169,724,1413,1340"
307,Lolita,"86,346,575","308,376,689,863"
308,Charissa,"579,546,426","1691,979,110,1185"
309,Alyssa,"269,428,356","1254,701,1912,1572"
310,Fawne,"202,554,575","1021,1591,331,1570"
311,Joane,"372,531,73","408,1980,1446,902"
312,Celisse,"355,575,476","653,1686,933,1998"
313,Ingrid,"302,493,419","1825,1071,104,1014"
314,Fanny,"43,300,188","493,1104,1453,1875"
315,Gale,"437,347,443","1707,220,1836,961"
316,Chastity,"573,340,487","1505,1718,178,685"
317,Renae,"312,515,544","657,1646,1366,355"
318,Lucy,"48,380,478","488,484,1918,920"
319,Neila,"210,425,154","983,216,1228,1708"
320,Mireielle,"463,238,324","1388,816,177,1106"
321,Lulita,"601,171,59","1901,1534,619,1781"
322,Rayna,"409,192,539","1657,79,208,176"
323,Nannie,"290,55,272","1565,1761,810,379"
324,Fayre,"209,492,390","131,663,341,747"
325,Teriann,"295,333,191","12,256,647,1214"
326,Letizia,"164,587,380","1925,1041,1834,68"
327,Florencia,"571,567,143","1479,1923,1139,398"
328,Viki,"245,495,49","626,39,813,1803"
329,Fredericka,"45,84,515","1803,1276,1047,928"
330,Susette,"479,179,316","1100,343,772,1787"
331,Di,"327,545,428","1413,519,413,1624"
332,Annora,"140,188,485","860,1023,86,736"
333,Wendi,"280,468,243","288,40,665,1625"
334,Desirae,"380,272,254","1812,793,1477,1375"
335,Marjie,"585,71,14","1652,1913,1707,594"
336,Cristine,"333,151,50","260,589,766,1514"
337,Inga,"230,407,302","1708,258,372,1191"
338,Damaris,"250,7,434","1499,764,1783,822"
339,Mallory,"301,548,275","921,1340,727,1317"
340,Sidoney,"19,287,119","917,1581,35,995"
341,Siana,"535,438,266","76,1284,1584,1827"
342,Aubrie,"440,436,412","1545,1109,257,284"
343,Sharlene,"416,114,383","1879,446,1148,1077"
344,Rubie,"473,425,76","1480,1970,707,1663"
345,Etta,"598,267,236","119,1432,1890,116"
346,Tabbatha,"233,236,140","923,699,1300,939"
347,Sheree,"421,58,392","335,896,1167,1941"
348,Teriann,"142,432,78","309,615,1419,1734"
349,Dawn,"420,292,354","1591,1568,1011,158"
350,Edee,"32,348,520","1319,1115,406,1362"
351,Dale,"82,520,399","1794,228,324,1530"
352,Abbie,"420,489,493","492,1564,921,1630"
353,Ashlee,"450,415,401","1888,237,1685,449"
354,Edyth,"151,571,423","1727,759,207,1700"
355,Danika,"395,61,135","645,195,495,1325"
356,Tracey,"179,440,127","1343,1914,1730,1949"
357,Liana,"485,304,407","436,1804,1673,133"
358,Jessamyn,"214,549,278","254,624,49,628"
359,Kary,"349,96,105","1696,1087,1914,1932"
360,Darci,"444,172,588","886,203,278,797"
361,Elmira,"137,529,562","1342,463,1790,1470"
362,Gretal,"276,325,203","581,1776,1517,150"
363,Aryn,"49,579,433","393,1991,1459,844"
364,Lauryn,"168,581,396","60,24,563,1304"
365,Kristina,"206,577,349","498,793,1562,255"
366,Tierney,"1,6,137","953,1992,77,862"
367,Chere,"522,346,117","682,16,1031,487"
368,Annabela,"258,408,357","1499,948,1534,455"
369,Heddie,"258,428,535","415,1365,1203,815"
370,Nataline,"25,593,28","816,395,562,476"
371,Evita,"42,361,506","361,1113,303,695"
372,Sonni,"448,315,576","930,1772,1519,549"
373,Gaylene,"356,323,361","1637,1750,14,225"
374,Correy,"499,414,15","1726,381,610,1654"
375,Kaia,"402,246,135","613,932,1197,1340"
376,Elvira,"434,126,548","753,1992,1576,1562"
377,Dacia,"358,197,32","429,1793,494,1355"
378,Melina,"128,482,390","1693,884,1911,103"
379,Emylee,"191,395,133","1755,1723,860,221"
380,Jaime,"566,513,263","1982,293,1927,608"
381,Fidelia,"319,362,385","1983,631,1106,1890"
382,Madeleine,"429,331,345","803,573,819,1274"
383,Mureil,"204,129,411","1960,768,517,713"
384,Linet,"93,442,534","1321,1112,1351,303"
385,Elbertina,"574,402,118","1694,126,1868,746"
386,Gwenneth,"246,458,150","1699,642,1406,784"
387,Susan,"298,530,485","3,395,772,228"
388,Olwen,"27,383,5","108,626,719,1907"
389,Kaia,"424,406,71","1224,157,1427,1595"
390,Yvonne,"217,66,332","1297,290,787,411"
391,Trixi,"81,354,229","1886,1321,1337,1187"
392,Malina,"528,574,201","1237,348,1790,1648"
393,Iseabal,"316,306,350","1269,1353,1856,715"
394,Ida,"408,300,9","1253,1847,119,231"
395,Tracey,"454,544,119","102,950,177,98"
396,Ursulina,"304,164,455","1207,1013,636,192"
397,Rivalee,"101,529,29","1271,1198,815,502"
398,Danny,"149,596,125","205,1339,136,1558"
399,Leontine,"502,193,196","484,600,1692,1457"
400,Deane,"32,296,432","70,228,269,795"
401,Katleen,"17,476,131","138,497,1504,1291"
402,Christian,"537,468,95","1251,1004,615,1555"
403,Mary,"90,215,289","1771,971,1065,992"
404,Christy,"275,404,550","1186,1278,1550,1767"
405,Caritta,"149,232,387","1773,15,490,1717"
406,Allyce,"113,175,368","1341,1084,374,1979"
407,Paule,"331,197,298","960,1833,515,1873"
408,Jolyn,"371,243,458","1980,314,825,1016"
409,Drucie,"180,192,547","240,1518,1862,550"
410,Margalo,"354,239,194","27,1046,1906,1723"
411,Lyssa,"77,168,287","359,1024,1437,1662"
412,Sean,"168,88,22","875,415,1553,379"
413,Rori,"221,490,132","1862,269,986,252"
414,Dominga,"484,357,340","218,868,1426,76"
415,Rosabelle,"14,504,566","968,1876,1402,79"
416,Helsa,"65,251,527","402,1090,1233,387"
417,Norine,"445,160,524","614,1455,1710,1656"
418,Dennie,"494,401,465","336,210,1956,950"
419,Jsandye,"205,373,398","1544,7,1706,778"
420,Edee,"392,45,353","781,483,1503,195"
421,Heida,"233,213,470","954,1838,1365,1072"
422,Yvonne,"544,561,164","12,1496,989,1576"
423,Yolane,"415,581,140","1529,92,375,1978"
424,Kellen,"361,504,533","1351,1267,1131,1834"
425,Anica,"240,65,582","1365,1446,69,1542"
426,Betta,"550,396,238","1500,137,769,184"
427,Vonny,"227,193,216","1976,1129,325,1089"
428,Ida,"169,389,113","1396,36,811,205"
429,Farrah,"115,410,271","1200,149,1602,1169"
430,Alameda,"320,99,402","1146,1092,1860,1206"
431,Mellicent,"192,452,220","153,1532,1888,1597"
432,Carlie,"88,295,337","1403,301,1844,291"
433,Mathilda,"278,142,547","375,618,1534,678"
434,Melina,"191,151,295","687,1786,1772,508"
435,Bill,"262,556,371","1951,85,1610,231"
436,Bernie,"15,365,490","502,1125,1433,1580"
437,Brianna,"114,348,99","934,218,1895,1182"
438,Bertine,"7,59,153","1970,1501,477,491"
439,Anica,"595,181,190","1558,1971,836,475"
440,Emmey,"399,595,93","1424,1060,1865,1677"
441,Rayna,"242,63,38","1071,124,1051,187"
442,Corry,"190,109,192","1257,248,413,739"
443,Jenilee,"166,562,500","1276,1503,906,1690"
444,Hildegaard,"438,336,569","752,668,814,1484"
445,Tobe,"250,124,157","1937,1415,1342,928"
446,Binny,"191,147,84","5,1582,1528,791"
447,Merrie,"372,500,520","1188,1495,910,870"
448,Kayla,"184,345,23","1215,754,1511,507"
449,Claudina,"356,467,360","1833,596,1836,793"
450,Meriel,"54,292,169","1067,1913,63,1479"
451,Cindelyn,"198,476,502","1315,1334,1599,655"
452,Gerianna,"161,530,46","905,1346,1632,1197"
453,Althea,"359,28,6","1270,597,189,1279"
454,Alia,"93,541,82","645,1061,1548,316"
455,Carol-Jean,"359,289,513","503,1865,315,95"
456,Myrtice,"525,399,499","1245,1711,1327,1423"
457,Siana,"433,285,242","136,434,700,1255"
458,Devina,"65,547,442","799,1831,1458,548"
459,Cindelyn,"373,408,445","1889,701,239,263"
460,Eolanda,"377,452,45","158,1147,1678,340"
461,Modestia,"546,491,72","511,112,1738,1470"
462,Hannis,"563,431,601","1984,531,1730,684"
463,Latisha,"359,490,251","632,235,1199,181"
464,Leontine,"384,16,374","758,1732,731,1216"
465,Rhoda,"16,493,371","605,1194,806,1913"
466,Zia,"288,37,338","1688,1079,582,1669"
467,Shandie,"314,480,131","1304,1003,1759,1055"
468,Raina,"389,521,451","1924,144,819,374"
469,Nonnah,"424,390,285","313,77,1965,1075"
470,Morganica,"311,404,377","1119,1389,1049,1957"
471,Carly,"531,308,278","1582,1923,1587,1102"
472,Meg,"306,343,420","1412,1081,1300,60"
473,Lelah,"279,575,440","853,600,1797,1300"
474,Tamqrah,"176,276,6","1842,1777,1562,1131"
475,Nickie,"546,294,165","1262,776,875,142"
476,Leona,"507,469,552","131,1844,789,494"
477,Luci,"443,522,271","1404,1569,766,560"
478,Cecile,"321,55,158","1941,1598,451,512"
479,Lita,"13,524,445","1582,672,1579,576"
480,Starla,"102,602,459","1303,628,1112,498"
481,Lorne,"489,301,244","1697,1877,669,1898"
482,Chastity,"103,455,173","1273,207,623,1182"
483,Keelia,"179,176,341","596,1454,271,1843"
484,Ekaterina,"577,135,355","627,1007,66,664"
485,Cacilie,"590,4,278","1002,708,778,785"
486,Mariann,"453,469,361","987,5,1353,444"
487,Aubrie,"572,74,602","1058,892,1173,80"
488,Clary,"45,299,442","1229,1243,303,1317"
489,Jacenta,"239,505,92","892,182,1131,1372"
490,Vinita,"539,142,328","659,829,937,1810"
491,Lynnea,"340,164,74","254,1534,1269,1489"
492,Thalia,"120,584,546","606,1751,283,636"
493,Maryellen,"148,265,160","1929,1746,1951,49"
494,Dennie,"451,388,365","217,1185,1928,46"
495,Bill,"582,291,387","1293,322,1881,425"
496,Helsa,"540,461,350","1410,1569,1174,3"
497,Ana,"472,162,118","1796,427,1174,74"
498,Ardys,"406,185,5","294,1296,1339,1184"
499,Kerrin,"172,24,66","1262,722,1148,1223"
500,Gabriellia,"207,284,285","591,1676,1010,1583"
501,Kelly,"92,418,246","1197,1254,1877,63"
502,Ricky,"510,23,344","807,194,415,1371"
503,Phedra,"405,210,41","1732,716,1415,1513"
504,Philis,"395,183,237","1362,1292,1420,952"
505,Tatiania,"42,278,371","519,1359,1120,876"
506,Pearline,"72,567,548","674,1881,1781,1936"
507,Jobi,"194,481,165","42,1447,862,1512"
508,Katleen,"76,284,587","852,1349,270,1560"
509,Rhoda,"286,175,71","1006,1587,160,580"
510,Calla,"228,362,511","297,1292,1545,1817"
511,Melanie,"501,231,475","1218,1998,1667,1671"
512,Jinny,"475,437,295","995,234,1580,1725"
513,Lacie,"542,261,260","922,1899,773,1052"
514,Katharina,"367,71,61","1908,717,1613,1402"
515,Jasmina,"256,217,86","1616,1102,1530,728"
516,Eve,"519,544,276","1871,1040,1995,1677"
517,Britte,"499,284,9","394,1807,1883,1817"
518,Janeczka,"205,447,549","123,272,1130,1900"
519,Tera,"165,30,199","186,1804,758,1879"
520,Gisela,"177,549,506","460,958,1649,933"
521,Liana,"501,268,411","907,138,714,876"
522,Bobinette,"226,260,561","282,1608,1044,1977"
523,Taffy,"435,413,417","1230,1233,1763,715"
524,Cristine,"331,522,32","1718,139,1463,555"
525,Kial,"431,82,213","938,518,852,84"
526,Dode,"99,27,117","1373,791,482,1314"
527,Adele,"229,227,571","936,1587,836,631"
528,Raina,"559,111,526","142,830,1995,194"
529,Selia,"441,137,200","722,655,783,1231"
530,Bee,"384,157,31","1399,219,1651,292"
531,Arlina,"23,320,440","302,1365,1474,1014"
532,June,"497,241,75","1582,800,1785,96"
533,Leeanne,"128,269,223","713,1632,1601,1474"
534,Tonia,"185,52,231","32,1806,769,400"
535,Tracey,"207,221,400","1043,1431,822,1236"
536,Veda,"85,382,488","1453,1336,1463,338"
537,Inga,"572,547,45","1592,187,1955,1080"
538,Alyssa,"376,522,126","1870,1246,263,365"
539,Concettina,"538,277,249","911,1867,1478,343"
540,Madeleine,"54,482,535","1381,572,1718,1833"
541,Valera,"475,232,235","1099,1952,885,1630"
542,Natka,"125,318,112","1731,594,1347,1002"
543,Melisent,"502,525,358","1097,1056,105,1561"
544,Belinda,"129,503,8","1406,363,1073,99"
545,Livvyy,"295,477,5","820,1506,493,537"
546,Elora,"223,586,28","1347,1100,1326,408"
547,Glenda,"390,266,176","1492,335,1411,336"
548,Feliza,"253,380,312","1076,57,58,375"
549,Tobe,"256,353,334","1318,26,42,1650"
550,Gabi,"181,115,179","1820,449,268,607"
551,Nessie,"235,272,325","437,1176,353,509"
552,Robbi,"366,361,277","47,168,605,827"
553,Dorothy,"377,218,390","113,1736,664,1488"
554,Dolli,"354,362,367","1511,854,1316,1775"
555,Demetris,"355,9,369","1238,300,581,1478"
556,Siana,"467,457,5","974,264,1991,177"
557,Karly,"344,563,251","92,293,528,1304"
558,Lisette,"571,472,17","1526,952,89,1540"
559,Chastity,"28,496,339","923,1397,1474,405"
560,Kate,"494,497,267","1901,1094,1707,198"
561,Fred,"220,78,482","356,1667,768,1639"
562,Lanna,"532,510,524","793,307,320,283"
563,Carlie,"374,27,581","1012,1246,1108,34"
564,Ardeen,"417,254,188","507,1519,144,1654"
565,Winifred,"282,471,486","292,185,972,858"
566,Lily,"446,29,97","774,462,219,1264"
567,Nessie,"530,158,297","1605,1507,1908,805"
568,Donnie,"577,207,194","68,658,1791,1371"
569,Rebeca,"39,128,381","275,220,1931,1798"
570,Lisette,"411,232,498","461,467,777,146"
571,Anica,"503,140,303","914,1826,1381,1788"
572,Jinny,"522,134,415","1256,1361,1359,283"
573,Moyna,"281,463,581","1695,731,1109,1793"
574,Fawne,"309,131,448","1069,1366,960,917"
575,Emma,"404,282,432","1453,1993,840,250"
576,Doro,"295,76,574","454,470,68,1918"
577,Millie,"553,505,546","1792,805,1420,126"
578,Krystle,"106,294,553","1017,208,134,264"
579,Vita,"405,324,158","1581,812,270,1484"
580,Gui,"91,106,499","848,703,402,1186"
581,Addia,"511,527,285","700,1994,1275,534"
582,Kaia,"494,435,600","571,1138,1930,116"
583,Dagmar,"235,95,223","527,743,1752,1083"
584,Charlena,"14,105,588","533,968,904,1862"
585,Celene,"339,230,127","148,1008,402,655"
586,Ellette,"129,264,317","1491,666,601,26"
587,Valeda,"365,532,244","1367,1325,1411,70"
588,Deedee,"265,398,121","422,1534,1270,397"
589,Anallese,"231,454,443","82,784,1350,374"
590,Tani,"558,347,502","1959,1105,225,1268"
591,Theodora,"165,482,526","1769,1894,1151,368"
592,Kimmy,"283,65,51","1500,1762,857,1488"
593,Pierette,"408,235,440","47,398,1401,1758"
594,Tarra,"464,165,177","293,1349,546,1494"
595,Ivett,"489,521,597","734,1246,922,691"
596,Jeanna,"296,590,60","334,1013,256,1517"
597,Almeta,"219,139,560","21,395,297,1683"
598,Florencia,"217,281,310","1801,1214,31,1619"
599,Clo,"445,313,561","1372,678,162,1622"
600,Ketti,"226,449,30","730,1887,958,729"
601,Allis,"263,530,580","27,895,1270,280"
602,Laure,"408,463,354","1064,1168,129,1807"
603,Violet,"457,455,256","63,1529,1282,465"
604,Morganica,"441,116,39","1342,411,685,842"
605,Katleen,"555,599,388","1169,1915,1948,1998"
606,Corly,"127,513,69","1012,80,1011,487"
607,Carlie,"324,508,183","368,1468,1394,1487"
608,Amelia,"351,403,414","805,1517,1961,589"
609,Ann-Marie,"57,582,54","1853,1380,1699,561"
610,Caryl,"137,163,376","441,837,774,962"
611,Yvonne,"317,282,134","1963,989,75,765"
612,Michaelina,"335,376,391","124,1078,566,218"
613,Yolane,"118,168,501","508,1407,1188,168"
614,Vinita,"306,177,22","1144,205,655,93"
615,Annora,"524,556,116","1786,1046,1998,1038"
616,Alia,"595,292,424","824,517,64,38"
617,Arlina,"153,202,10","845,1011,649,427"
618,Deane,"490,5,486","1680,1928,1436,1841"
619,Hallie,"369,311,45","1708,41,253,621"
620,Noelle,"97,332,593","1224,1306,1996,1169"
621,Carmencita,"71,480,316","875,767,1010,401"
622,Corene,"280,552,60","421,1105,30,1802"
623,Ira,"243,298,160","1494,880,1517,165"
624,Claresta,"278,216,508","1514,1083,998,679"
625,Grier,"235,25,555","1052,958,634,210"
626,Ursulina,"242,561,582","1796,208,1683,102"
627,Zsa Zsa,"103,36,26","1932,1218,472,994"
628,Gerrie,"334,73,552","1863,1374,1929,1685"
629,Elfreda,"245,347,598","1085,1237,227,1178"
630,Allis,"233,30,404","167,1295,1168,1443"
631,Krystle,"222,452,569","1083,191,1851,771"
632,Zsa Zsa,"45,233,75","142,1681,61,1446"
633,Ermengarde,"160,566,364","274,779,47,624"
634,Jessamyn,"358,82,131","1882,1438,1640,1447"
635,Esmeralda,"363,315,182","163,1547,1193,1425"
636,Tomasina,"47,387,333","413,1776,91,1187"
637,Jean,"300,170,482","1566,1130,1870,112"
638,Michaelina,"25,284,402","699,52,510,654"
639,Roz,"34,398,216","275,6,1089,1789"
640,Gretal,"561,558,106","1201,1533,1686,1849"
641,Benita,"389,574,325","1326,1702,1193,1677"
642,Alyda,"108,28,414","1430,1260,440,1839"
643,Ursulina,"128,441,549","978,1743,1565,1616"
644,Estell,"415,167,464","1173,885,1507,1746"
645,Brianna,"537,353,313","1389,272,184,997"
646,Shaine,"321,488,283","1011,571,749,1756"
647,Chandra,"557,276,296","672,1970,196,1467"
648,Pollyanna,"450,574,59","306,204,434,1741"
649,Clarice,"524,213,583","1997,1307,786,1147"
650,Cherrita,"86,347,520","62,1573,1448,643"
651,Almeta,"279,42,138","476,1516,807,850"
652,Gianina,"48,310,392","1670,1878,530,1342"
653,Donetta,"34,584,159","921,816,461,1323"
654,Alia,"269,500,427","984,494,168,1137"
655,Heida,"356,198,326","1051,1593,1138,414"
656,Cristine,"312,192,573","52,179,969,325"
657,Modestia,"8,480,577","1601,789,450,562"
658,Vonny,"54,465,459","524,1459,1194,302"
659,Norine,"51,30,151","825,506,1149,1613"
660,Karina,"373,72,94","1493,1994,821,1803"
661,Jacenta,"474,445,179","24,409,1300,439"
662,Viki,"522,187,557","822,645,825,1599"
663,Tierney,"171,43,424","977,766,103,483"
664,Binny,"255,504,251","132,1509,754,1134"
665,Trixi,"526,62,388","1685,1876,495,1267"
666,Minda,"96,593,125","106,1091,413,1337"
667,Rori,"3,108,16","74,367,699,462"
668,Sidoney,"496,7,124","1583,1115,1381,698"
669,Odessa,"62,343,13","772,1519,1901,1737"
670,Viviene,"62,264,444","811,1541,877,1784"
671,Aili,"169,78,439","414,1191,302,1142"
672,Ilse,"84,478,484","889,646,431,1880"
673,Gertrud,"20,75,336","898,1918,658,1928"
674,Devina,"470,418,525","321,556,1304,128"
675,Hollie,"393,378,87","346,1417,96,1625"
676,Ketti,"373,113,277","104,204,1412,73"
677,Laurene,"406,50,523","608,216,783,1660"
678,Chastity,"417,33,508","1584,1551,1969,192"
679,Elyssa,"103,218,271","1324,722,1975,455"
680,Eadie,"111,7,282","679,328,175,1261"
681,Janis,"70,167,77","616,731,1763,1164"
682,Clarice,"573,145,161","873,1386,868,544"
683,Arabel,"112,149,267","1420,1764,529,1914"
684,Ernesta,"276,421,366","1705,372,976,321"
685,Gabi,"35,382,127","535,218,830,1305"
686,Jany,"48,475,297","261,1769,1103,450"
687,Fayre,"225,235,4","1718,1092,1807,900"
688,Kerrin,"266,357,531","187,1456,1663,373"
689,Aubrie,"256,444,592","829,143,1836,1003"
690,Diena,"211,83,422","1198,778,766,1437"
691,Eolanda,"95,147,178","40,692,1964,263"
692,Madeleine,"365,514,187","1474,462,1453,1785"
693,Steffane,"434,212,440","1999,1165,1500,1633"
694,Drucie,"209,509,62","1543,932,451,1044"
695,Corene,"331,294,538","1064,596,918,182"
696,Beatriz,"36,461,188","1244,1155,469,1113"
697,Olivette,"380,540,505","1375,1310,1091,9"
698,Aubrie,"356,519,594","345,678,1965,1160"
699,Emylee,"574,47,394","449,1672,1551,1857"
700,Nikki,"172,400,33","323,297,973,1330"
701,Ingrid,"330,401,121","1292,921,850,1386"
702,Rubie,"158,398,562","181,507,164,1846"
703,Lorie,"433,265,415","1647,879,1887,671"
704,Alexine,"466,42,165","1361,172,1691,365"
705,Mellicent,"418,532,9","512,206,1053,1286"
706,Steffane,"44,453,184","390,1470,1427,673"
707,Pamella,"546,501,221","1163,586,321,138"
708,Jillayne,"274,298,463","406,1564,561,1545"
709,Gui,"390,466,587","1284,929,450,1572"
710,Lolita,"80,85,312","166,307,319,590"
711,Rori,"265,312,201","1034,1732,1126,1471"
712,Linet,"35,135,308","778,1567,1573,1246"
713,Chere,"113,398,467","1113,1048,1899,521"
714,Barbi,"10,528,91","1308,1603,520,971"
715,Fanchon,"322,574,220","1282,169,816,1425"
716,Mellicent,"149,395,374","448,236,1183,1448"
717,Hannis,"448,59,458","1216,1425,1772,26"
718,Blinni,"47,193,147","320,804,325,500"
719,Verla,"142,222,264","890,824,991,605"
720,Kamilah,"85,475,70","343,1593,1825,1384"
721,Nyssa,"401,435,173","1215,1812,1920,1014"
722,Angelique,"142,485,251","1637,525,1718,1029"
723,Edee,"104,557,36","1643,1484,1325,1950"
724,Tabbatha,"567,31,417","660,929,148,1995"
725,Kara-Lynn,"521,600,553","99,138,1750,1699"
726,Cacilie,"151,379,442","1199,1582,313,98"
727,Cissiee,"57,477,123","1858,798,700,1291"
728,Janey,"1,590,548","1008,1860,569,688"
729,Rani,"585,161,62","169,1640,932,306"
730,Rosaline,"442,227,150","991,1624,185,728"
731,Lila,"69,60,543","1951,1943,410,1099"
732,Janey,"261,139,106","17,832,238,1236"
733,Mary,"227,442,191","953,987,406,552"
734,Wanda,"180,39,446","1413,1650,533,427"
735,Phylis,"513,494,443","895,132,1482,433"
736,Flory,"112,435,385","550,35,1308,1070"
737,Peri,"65,246,167","1151,634,1939,1475"
738,Amii,"483,41,291","1255,266,321,1930"
739,Gusty,"522,379,195","1509,914,1045,658"
740,Jsandye,"58,576,58","1748,953,1155,525"
741,Angela,"355,114,431","366,318,153,958"
742,Lynea,"72,26,405","128,1726,1101,1510"
743,Hannis,"394,278,502","1632,739,1558,401"
744,Catrina,"194,517,488","797,264,1978,1867"
745,Rubie,"64,348,6","1975,1063,353,1649"
746,Tarra,"577,197,359","1297,1853,1457,1998"
747,Evaleen,"100,236,442","1742,391,950,19"
748,Demetris,"54,104,151","473,68,1496,1358"
749,Arlena,"459,514,252","1468,142,1689,1722"
750,Ermengarde,"522,139,495","1731,448,1326,124"
751,Margarette,"432,254,60","606,102,298,1823"
752,Ernesta,"201,23,46","1323,1334,556,64"
753,Jolyn,"596,590,501","1247,659,1570,1153"
754,Corene,"418,40,190","3,1391,1741,1630"
755,Rosabelle,"233,51,553","107,109,1791,130"
756,Brandise,"450,426,334","1134,1952,739,1108"
757,Heddie,"503,385,489","329,1361,686,1807"
758,Hettie,"341,233,16","1631,559,1446,401"
759,Moyna,"491,13,91","1141,1268,631,337"
760,Gwyneth,"186,167,257","420,1104,171,772"
761,Darlleen,"291,504,389","1300,1674,646,1688"
762,Sue,"192,243,304","559,788,170,1963"
763,Helsa,"188,112,129","1329,1335,135,1888"
764,Desirae,"288,583,167","1889,369,8,1284"
765,Bill,"408,465,77","195,645,1884,723"
766,Gisela,"327,136,597","1990,1959,1297,843"
767,Maud,"116,380,450","45,1538,1977,210"
768,Nataline,"45,169,466","1100,1707,1932,1169"
769,Evaleen,"366,109,242","1924,207,973,215"
770,Albertina,"20,147,448","349,1661,613,1359"
771,Gale,"207,26,111","1858,1446,521,517"
772,Arlina,"466,359,381","1392,1395,1065,1845"
773,Ana,"146,206,149","749,1056,262,1200"
774,Myriam,"506,288,508","1202,1465,739,1468"
775,Sybille,"484,412,168","534,818,657,1483"
776,Meghann,"442,575,550","508,1613,286,441"
777,Marcelline,"346,461,61","1863,735,467,1672"
778,Odessa,"63,596,111","370,1122,1221,364"
779,Sibella,"294,566,597","605,519,1678,1911"
780,Dennie,"71,396,35","262,1301,1823,726"
781,Gerianna,"35,573,199","690,861,151,1308"
782,Hayley,"461,569,533","884,1943,1200,741"
783,Kimmy,"310,395,266","386,302,137,1290"
784,Veda,"225,39,555","947,1198,440,1715"
785,Edith,"54,250,83","769,239,1453,1682"
786,Jordan,"242,597,257","1794,1157,971,1468"
787,Laurene,"303,217,76","44,250,308,1897"
788,Marleah,"237,510,377","1654,1288,1631,671"
789,Suzette,"287,65,124","727,1385,483,1209"
790,Doro,"323,306,136","256,1084,137,260"
791,June,"471,569,374","687,164,307,1828"
792,Meg,"291,168,487","1408,1516,60,301"
793,Lynea,"17,509,135","1168,335,125,884"
794,Marsiella,"242,403,591","1889,156,1605,1889"
795,Brynna,"22,114,339","833,1833,629,1642"
796,Mignon,"399,204,58","896,58,315,383"
797,Danny,"250,86,120","1133,505,1916,957"
798,Max,"428,535,318","1353,1306,77,673"
799,Elka,"574,45,472","1126,654,1743,748"
800,Annice,"389,579,488","1803,1559,450,1073"
801,Arabel,"450,288,445","1657,1683,431,1139"
802,Stacey,"295,522,205","1541,624,1085,1699"
803,Corina,"519,173,190","1596,691,1509,937"
804,Mamie,"390,58,516","380,1297,1205,846"
805,Farrah,"322,127,49","1160,582,998,1151"
806,Eadie,"219,458,327","911,448,1150,680"
807,Teriann,"467,75,376","1463,475,1595,1180"
808,Sibella,"399,325,292","545,1248,1908,168"
809,Clementine,"367,444,334","3,1118,1740,1851"
810,Linzy,"318,553,382","932,1857,834,1803"
811,Althea,"148,374,75","18,375,1731,1069"
812,Kore,"440,396,44","1674,756,1994,849"
813,Brena,"258,464,340","993,1481,220,545"
814,Hope,"147,39,425","1963,977,117,104"
815,Elyssa,"485,348,178","728,819,1783,97"
816,Nariko,"348,262,454","1506,746,276,1848"
817,Maryellen,"24,513,259","864,999,1477,233"
818,Susette,"441,509,602","151,1364,85,1830"
819,Ann-Marie,"116,291,558","56,777,1580,1025"
820,Marline,"326,418,545","942,1193,36,1081"
821,Wanda,"583,136,116","1419,53,439,532"
822,Eolanda,"137,35,124","236,586,20,1823"
823,Clementine,"480,299,398","446,1416,636,1462"
824,Adelle,"269,145,125","772,563,1815,146"
825,Viki,"598,569,327","733,1500,1558,764"
826,Collen,"152,46,194","1244,157,21,1900"
827,Blondelle,"565,582,552","351,348,1995,1668"
828,Cacilie,"307,323,31","1076,199,871,559"
829,Dagmar,"314,107,233","317,228,909,43"
830,Juliane,"317,380,555","1812,959,1630,688"
831,Lanae,"146,568,178","304,1727,930,1930"
832,Dennie,"109,534,597","1654,1372,1264,1973"
833,Anthia,"520,277,212","86,718,1381,669"
834,Sibella,"225,44,568","516,187,1426,1240"
835,Marcelline,"194,407,599","422,431,1306,126"
836,Mary,"393,583,38","375,363,1482,1142"
837,Norine,"450,328,446","1553,536,536,1022"
838,Paulita,"555,313,309","1779,1105,824,164"
839,Kimberley,"405,464,148","1276,1062,1004,1522"
840,Loree,"448,262,48","732,694,338,1602"
841,Janis,"536,588,371","160,710,366,1030"
842,Rochette,"467,572,240","1808,1603,1475,1111"
843,Eolanda,"256,591,496","905,805,993,1053"
844,Brietta,"499,498,123","1078,86,512,1693"
845,Di,"12,503,475","907,1133,1540,1821"
846,Darci,"437,233,496","246,191,905,411"
847,Adriana,"172,62,373","1567,598,1002,1350"
848,Cissiee,"88,407,554","1693,1366,1071,720"
849,Tierney,"494,111,68","1695,1943,763,543"
850,Brianna,"466,201,587","487,1002,1024,1236"
851,Margette,"312,178,310","1595,1878,273,1601"
852,Esmeralda,"494,281,405","938,122,399,1841"
853,Hettie,"145,77,191","845,94,647,294"
854,Hope,"507,536,120","1364,1339,579,229"
855,Elsie,"126,561,558","1144,1572,1813,535"
856,Queenie,"453,496,36","165,1381,492,674"
857,Gabriellia,"325,371,543","938,882,776,1806"
858,Dyann,"188,333,310","1104,179,76,16"
859,Zondra,"468,225,461","698,364,321,55"
860,Gwenneth,"111,313,48","709,438,371,1425"
861,Paola,"579,327,54","957,238,728,99"
862,Kate,"496,425,442","669,626,1155,1811"
863,Fredericka,"164,546,140","643,499,233,595"
864,Dacia,"361,481,246","669,772,1010,252"
865,Sashenka,"415,518,226","1172,271,368,868"
866,Randa,"336,12,312","825,654,519,1136"
867,Corry,"48,272,238","135,1088,1226,1107"
868,Sadie,"382,480,401","398,1669,1367,1283"
869,Claresta,"249,56,279","1500,1764,1442,1962"
870,Dede,"51,186,369","1010,166,59,539"
871,Harrietta,"253,491,432","1281,431,626,132"
872,Kylynn,"200,304,367","403,663,306,634"
873,Teriann,"483,566,53","316,132,297,359"
874,Raquela,"199,489,493","1173,1081,807,1111"
875,Fred,"596,242,301","1691,331,1312,1080"
876,Aimil,"43,155,268","809,866,1898,1628"
877,Emilia,"486,111,385","824,639,1019,986"
878,Mamie,"597,51,326","275,930,1782,485"
879,Kimmy,"331,161,442","476,1885,361,882"
880,Adelle,"119,408,494","1919,1594,1262,1905"
881,Marita,"507,540,560","1459,1871,310,1317"
882,Jillayne,"397,233,9","282,1391,1706,244"
883,Yetty,"348,517,341","1392,1275,961,712"
884,Maurene,"319,70,160","1861,1982,896,247"
885,Ingrid,"332,311,518","1673,1945,1466,1542"
886,Shauna,"121,113,273","1589,1236,205,1886"
887,Edyth,"362,382,467","1418,42,1376,2"
888,Michaelina,"366,137,352","520,562,1708,1259"
889,Judy,"66,386,32","455,1479,173,240"
890,Helsa,"367,542,468","1666,581,1620,882"
891,Gisela,"507,52,573","1357,735,1090,83"
892,Carol-Jean,"267,408,242","785,682,820,1930"
893,Trixi,"131,13,93","152,224,546,962"
894,Cassandra,"138,549,128","705,1293,1943,365"
895,Merle,"386,424,570","1618,1427,1482,484"
896,Micheline,"7,266,379","1756,1384,798,598"
897,Basia,"424,357,22","132,1236,1545,392"
898,Heida,"465,5,498","764,573,1504,1706"
899,Gwenneth,"412,361,198","893,1178,1764,1273"
900,Lisette,"326,251,150","789,1329,956,1477"
901,Olwen,"215,525,410","389,1471,1027,202"
902,Gianina,"309,361,10","1525,659,389,1078"
903,Mireielle,"261,485,273","1568,886,109,1635"
904,Melina,"38,502,448","1435,1504,1809,1899"
905,Berta,"538,39,264","125,1479,1191,806"
906,Eve,"259,75,507","569,1556,44,1426"
907,Catrina,"432,447,483","433,1518,934,917"
908,Beth,"219,420,431","707,116,1965,52"
909,Elyssa,"498,84,178","430,203,281,656"
910,Shandie,"368,5,407","80,192,1549,18"
911,Courtnay,"469,12,152","1448,670,1798,852"
912,Nollie,"338,268,249","1711,810,958,748"
913,Ivett,"286,545,322","1224,1669,1580,1558"
914,Doralynne,"439,188,40","618,430,1233,1239"
915,Meriel,"190,118,224","1687,56,1411,141"
916,Regina,"164,246,101","879,1942,1635,1368"
917,Madalyn,"15,396,174","1335,1728,148,97"
918,Quintina,"363,433,139","1814,1873,1152,1964"
919,Winny,"391,250,551","243,879,346,1849"
920,Bee,"498,173,238","1310,943,272,328"
921,Jerry,"434,135,95","1179,1638,319,1898"
922,Valli,"40,566,586","541,1987,1957,601"
923,Shel,"526,49,327","1502,288,1117,209"
924,Melisent,"512,406,370","1052,234,825,946"
925,Jessy,"261,431,398","1101,533,493,88"
926,Cam,"388,480,268","392,931,1636,1586"
927,Marcy,"10,317,216","790,1811,883,792"
928,Aimil,"573,261,210","566,1937,1705,1390"
929,Lanae,"385,431,232","118,1230,676,1"
930,Sashenka,"502,180,97","236,689,388,834"
931,Madalyn,"104,107,59","1417,179,767,534"
932,Raf,"44,481,397","1782,938,87,171"
933,Ekaterina,"187,407,146","232,1053,169,1284"
934,Angelique,"29,594,289","1237,1767,181,1712"
935,Randa,"395,326,554","823,1575,1119,890"
936,Vita,"313,113,394","1594,595,1836,263"
937,Atlanta,"181,400,176","934,1507,1556,329"
938,Janenna,"26,235,352","460,1907,983,1879"
939,Cassondra,"65,50,146","1895,1901,1613,519"
940,Dorice,"346,467,431","337,1258,1845,438"
941,Betta,"25,385,285","754,235,441,1120"
942,Lynnea,"416,527,368","998,100,110,1161"
943,Agathe,"376,495,121","638,228,35,114"
944,Katharina,"21,155,467","1186,399,1523,1266"
945,Clarice,"319,539,70","1085,1198,396,1709"
946,Tracey,"301,511,444","536,1920,1196,1607"
947,Nerta,"540,546,356","1765,1427,1360,1988"
948,Constance,"450,333,260","842,1799,1034,718"
949,Valli,"329,314,464","1582,1564,1562,326"
950,Marinna,"174,69,306","107,116,1064,80"
951,Layla,"525,195,104","154,1385,771,1595"
952,Reeba,"482,235,34","1276,930,651,999"
953,Morganica,"248,500,334","1063,983,95,1046"
954,Stephanie,"593,323,163","1792,1361,122,1432"
955,Mignon,"181,261,409","22,655,935,1091"
956,Yolane,"210,594,554","1477,1711,1111,680"
957,Nannie,"405,13,332","167,1929,1543,1460"
958,Fredericka,"168,354,251","22,1680,1025,1962"
959,Yvonne,"598,480,115","1001,1306,339,1018"
960,Dorthy,"482,596,451","9,1525,1962,436"
961,Riannon,"524,313,109","1080,1328,759,409"
962,Jobi,"228,180,51","1538,1159,72,1408"
963,Vevay,"501,53,127","521,726,1680,1201"
964,Juliane,"48,579,49","823,1786,1596,380"
965,Andree,"373,114,548","114,1295,426,1040"
966,Lanae,"566,421,553","269,1761,712,1755"
967,Ermengarde,"499,110,598","1164,794,398,994"
968,Dacia,"88,276,199","1538,48,1831,231"
969,Regina,"241,473,256","1364,589,1457,945"
970,Ayn,"401,251,286","1573,1183,911,1597"
971,Pierette,"353,4,394","1902,1226,367,761"
972,Zaria,"467,523,74","1348,1795,883,1310"
973,Almeta,"62,384,53","1108,661,167,1068"
974,Mamie,"451,259,246","776,802,705,1048"
975,Ernesta,"311,202,82","1052,1885,3,1605"
976,Di,"108,298,288","845,1005,952,883"
977,Sophia,"379,66,475","410,1371,669,1414"
978,Calla,"19,178,368","26,1992,1656,1803"
979,Dode,"382,142,41","1510,881,1201,609"
980,Ursulina,"206,378,325","1990,1866,1529,1039"
981,Sabina,"73,322,573","820,1973,1850,1812"
982,Frieda,"493,511,231","1804,310,1910,1343"
983,Barbara,"100,256,209","155,1013,1843,557"
984,Rubie,"200,520,601","214,1015,54,359"
985,Gwenneth,"544,256,264","1508,258,1501,1862"
986,Cristabel,"408,527,151","909,1249,713,1915"
987,Evita,"470,358,448","1443,66,622,1380"
988,Kimberley,"183,555,1","1966,1395,1289,1030"
989,Adriana,"201,483,360","337,589,18,765"
990,Diena,"125,103,216","398,663,1058,1213"
991,Joelly,"263,7,107","241,35,834,1537"
992,Tersina,"499,315,423","1116,1898,1211,1574"
993,Clarice,"35,434,564","759,108,1162,354"
994,Trudie,"318,330,299","1844,1211,1276,1176"
995,Sindee,"196,403,316","579,1398,735,1668"
996,Pollyanna,"315,267,501","33,1830,1239,419"
997,Bee,"248,142,221","1931,552,544,315"
998,Jackie,"191,508,146","1754,1525,1363,945"
999,Rosanne,"291,359,191","1419,796,515,605"
1000,Dyann,"343,349,331","77,1007,77,1722"
1001,Lonnie,"422,130,573","890,1720,441,1133"
1002,Ginnie,"389,270,23","1443,175,1630,522"
1003,Drucie,"96,329,512","1402,545,687,1185"
1004,Kimberley,"470,327,186","1724,1177,634,390"
1005,Bibby,"526,187,550","461,793,1967,777"
1006,Lizzie,"128,600,8","402,1511,459,37"
1007,Elora,"47,225,65","1474,1502,422,1600"
1008,Kimberley,"16,347,222","587,1840,1127,533"
1009,Kary,"72,74,230","185,122,7,1074"
1010,Annora,"426,400,562","135,412,627,1779"
1011,Juliane,"285,25,571","258,123,1733,698"
1012,Roz,"351,427,105","1283,589,135,417"
1013,Josephine,"556,526,362","235,1323,528,1970"
1014,Donetta,"592,276,471","499,961,806,1484"
1015,Leia,"469,195,586","448,1736,570,1202"
1016,Christy,"470,214,294","487,1840,1384,1238"
1017,Lusa,"392,80,443","771,1861,1176,694"
1018,Ginnie,"455,402,558","1377,806,289,1417"
1019,Kittie,"336,299,578","1624,99,1227,1251"
1020,Janey,"81,437,384","256,1599,1546,1599"
1021,Christian,"287,371,161","377,1791,514,516"
1022,Winny,"116,251,23","1932,284,337,1799"
1023,Catharine,"434,299,140","1178,1254,280,830"
1024,Jessamyn,"435,568,352","369,531,1571,518"
1025,Candi,"428,272,258","962,1307,1281,304"
1026,Dania,"43,580,503","1466,1135,1723,1616"
1027,Trudie,"270,408,506","1375,1729,61,139"
1028,Konstance,"4,549,32","557,53,872,350"
1029,Kirbee,"405,179,107","1411,1810,1670,659"
1030,Pamella,"373,464,399","1188,1181,1297,1450"
1031,Beverley,"41,420,118","630,790,1005,1247"
1032,Ruthe,"579,544,462","1738,490,1775,208"
1033,Jobi,"360,287,105","993,1928,173,409"
1034,Jordan,"593,82,250","695,1112,1332,1070"
1035,Margalo,"91,72,405","145,1702,1304,813"
1036,Jessamyn,"448,220,556","1743,232,474,494"
1037,Millie,"399,206,66","1710,941,631,653"
1038,Elvira,"394,465,176","1647,1968,660,1463"
1039,Rhoda,"222,75,435","384,274,439,1396"
1040,Odessa,"15,392,517","1847,981,1172,904"
1041,Jillayne,"295,109,268","1215,761,419,966"
1042,Joeann,"541,210,179","1552,468,959,1455"
1043,Averyl,"16,115,495","207,1331,1297,732"
1044,Bertine,"574,146,116","1471,333,421,603"
1045,Di,"501,159,179","1584,846,114,262"
1046,Morganica,"158,497,428","1628,729,1495,1994"
1047,Roxane,"130,47,119","1003,1560,473,816"
1048,Danika,"62,86,573","381,1065,171,500"
1049,Aubrie,"451,214,535","2,370,1335,1830"
1050,Netty,"23,214,269","241,819,783,1473"
1051,Millie,"181,269,569","1426,292,590,566"
1052,Riannon,"4,400,81","774,543,724,1103"
1053,Margarette,"553,376,479","415,1469,1194,83"
1054,Aimil,"7,411,553","1146,774,1166,1896"
1055,Oona,"547,588,283","1239,263,1895,1279"
1056,Kara-Lynn,"494,458,241","1976,511,373,1496"
1057,Trudie,"529,405,113","777,1674,1519,1209"
1058,Jolyn,"477,368,479","483,1934,21,1796"
1059,Hildegaard,"22,234,196","1878,877,1696,1038"
1060,Tami,"322,209,29","209,885,1586,1620"
1061,Jillayne,"68,210,426","1346,678,1037,1355"
1062,Dorice,"475,42,162","1851,1076,585,621"
1063,Thalia,"348,213,93","341,1993,1757,568"
1064,Rochette,"86,328,580","1679,494,1334,1747"
1065,Adelle,"144,263,128","155,1947,1457,37"
1066,Kayla,"495,472,317","1515,541,453,1640"
1067,Edee,"101,401,268","1945,1193,479,1053"
1068,Gale,"213,191,158","1907,523,162,808"
1069,Theodora,"235,563,419","326,380,1599,1903"
1070,Evaleen,"296,299,19","1391,622,1695,585"
1071,Halette,"519,189,277","1386,1832,900,164"
1072,Lorenza,"126,402,434","1174,1769,1552,699"
1073,Maurene,"42,56,285","1888,605,175,1162"
1074,Desirae,"138,116,220","1951,261,1101,1150"
1075,Bernardine,"339,165,462","1419,771,612,1515"
1076,Sue,"409,500,43","1903,383,1176,1927"
1077,Ofilia,"526,195,474","237,1124,220,1561"
1078,Joane,"19,11,430","1383,1194,625,1319"
1079,Gretal,"391,289,82","1398,65,1623,1019"
1080,Rhoda,"99,538,242","1498,965,717,547"
1081,Evita,"169,193,187","1957,966,539,1542"
1082,Alex,"353,432,345","1241,531,1486,1848"
1083,Willetta,"267,7,57","383,1085,1649,1"
1084,Cacilie,"565,91,193","603,876,1907,1923"
1085,Marylou,"250,31,360","102,601,1509,286"
1086,Mallory,"248,337,544","1303,667,1254,865"
1087,Ilse,"273,205,3","212,1150,841,1753"
1088,Renie,"506,297,119","1703,1303,737,1071"
1089,Bobinette,"202,10,458","1691,610,95,122"
1090,Eugine,"446,498,552","1780,20,1287,1597"
1091,Linet,"193,549,524","1663,1873,605,643"
1092,Dode,"25,107,152","454,965,1990,1475"
1093,Diena,"566,542,178","984,1899,1282,1919"
1094,Moyna,"209,56,272","38,2,799,532"
1095,Raquela,"156,70,322","954,616,165,1831"
1096,Steffane,"566,313,230","321,450,347,1983"
1097,Fidelia,"300,152,262","758,1631,1912,1401"
1098,Merci,"120,384,322","1262,1617,1384,1867"
1099,Belinda,"309,250,358","1036,1418,1729,1296"
1100,Collen,"261,50,469","1983,1867,1293,60"
1101,Krystle,"242,152,143","1295,1037,1162,1730"
1102,Gavrielle,"287,38,246","507,1132,827,33"
1103,Krystle,"176,597,332","268,1133,1469,413"
1104,Robinia,"524,178,459","707,525,711,1409"
1105,Tera,"598,568,158","1444,1153,1905,1131"
1106,Ermengarde,"227,240,443","1357,212,1047,151"
1107,Kassey,"471,181,558","1523,1772,156,362"
1108,Riannon,"378,1,179","751,1501,732,68"
1109,Imojean,"532,506,163","85,1098,337,127"
1110,Nita,"427,199,156","454,488,53,1225"
1111,Phylis,"310,512,463","769,1905,1750,555"
1112,Carolina,"145,341,171","330,1375,206,581"
1113,Nikki,"135,581,601","1630,178,1303,139"
1114,Audrie,"257,225,533","1869,628,486,900"
1115,Marleah,"488,579,394","1711,341,1917,1911"
1116,Caritta,"548,244,127","1456,1822,1640,661"
1117,Kore,"246,137,204","1346,607,513,131"
1118,Luci,"554,61,4","706,1477,722,94"
1119,Rayna,"539,139,123","1879,1498,308,1580"
1120,Frieda,"283,521,28","168,596,1115,1303"
1121,Modestia,"129,342,380","938,97,444,1321"
1122,Deloria,"202,373,334","1879,1587,858,262"
1123,Loree,"111,98,194","571,1094,1360,13"
1124,Isa,"103,21,463","1943,207,670,1150"
1125,Marika,"446,357,589","1593,1120,1906,1562"
1126,Carolina,"133,60,153","55,1803,1832,650"
1127,Raf,"494,559,381","1734,636,215,1678"
1128,Dode,"343,125,413","321,1718,1922,1007"
1129,Melodie,"480,212,163","1048,1576,351,885"
1130,Nyssa,"45,252,374","531,1535,855,1676"
1131,Mary,"160,472,82","179,526,308,559"
1132,Janis,"273,216,17","1340,15,1633,1174"
1133,Hildegaard,"68,462,76","303,1236,1275,985"
1134,Dorene,"273,321,363","794,1698,468,1660"
1135,Joeann,"325,415,381","1023,496,1909,1461"
1136,Oona,"422,91,187","571,1621,834,1363"
1137,Sallie,"470,161,388","1436,761,987,224"
1138,Heida,"103,384,515","1036,1982,789,1126"
1139,Fina,"421,108,289","109,1167,1817,1269"
1140,Silvana,"49,563,223","443,1065,1823,1421"
1141,Ekaterina,"205,14,400","512,577,296,1739"
1142,Korrie,"300,116,3","1483,1795,1483,696"
1143,Averyl,"480,321,101","1384,1734,1538,701"
1144,Tami,"272,427,192","1519,1450,70,306"
1145,Leia,"290,245,411","1651,455,263,1135"
1146,Ninnetta,"382,442,120","99,609,1166,1690"
1147,Larine,"514,156,533","1609,821,225,339"
1148,Lorne,"430,259,11","1517,843,98,847"
1149,Tarra,"200,328,338","1012,342,1868,1225"
1150,Alejandra,"312,205,207","681,423,118,975"
1151,Misha,"220,498,372","592,894,1338,844"
1152,Lila,"448,393,559","1826,908,1537,1601"
1153,Orsola,"239,20,491","636,1567,1795,1557"
1154,Fanny,"461,459,95","1817,962,644,508"
1155,Lonnie,"297,247,112","427,247,229,70"
1156,Kate,"542,532,560","818,328,1934,1193"
1157,Daphne,"41,473,90","1112,1652,1663,831"
1158,Larine,"601,474,131","259,927,1754,637"
1159,Marcy,"481,275,308","1789,625,1551,732"
1160,Chastity,"187,238,498","1719,1302,1936,577"
1161,Josephine,"123,219,275","704,41,575,1631"
1162,Eugine,"305,480,140","619,714,1850,1425"
1163,Steffane,"1,383,26","1467,1397,899,1341"
1164,Evaleen,"127,128,35","1118,854,417,1894"
1165,Josephine,"509,46,125","1274,1790,600,328"
1166,Selma,"151,212,147","398,1878,1820,1284"
1167,Allis,"45,329,379","1911,1287,542,254"
1168,Quintina,"114,342,517","1263,799,1956,1956"
1169,Roberta,"481,127,357","457,1188,1734,267"
1170,Hayley,"303,581,592","1067,1400,1536,97"
1171,Cacilie,"81,26,209","76,990,1505,1217"
1172,Taffy,"257,40,346","182,1962,837,1920"
1173,Joleen,"175,513,437","1123,1676,1585,519"
1174,Gale,"363,114,97","1461,318,525,109"
1175,Maisey,"136,176,556","1661,1153,861,1868"
1176,Leontine,"152,556,362","1636,1803,1080,521"
1177,Ellette,"502,30,170","1862,187,124,42"
1178,Jillayne,"75,400,118","1735,1263,287,144"
1179,Konstance,"316,459,141","1898,1681,1030,757"
1180,Minne,"522,151,110","720,1808,170,1795"
1181,Joy,"166,522,499","1614,1115,827,1142"
1182,Shel,"378,268,502","1362,1246,914,724"
1183,Libbie,"545,426,338","1161,826,57,1969"
1184,Gabi,"264,57,305","1636,1504,1726,60"
1185,Merry,"390,251,187","1713,434,961,715"
1186,Olivette,"526,203,592","1349,644,438,619"
1187,Nelle,"258,401,164","1220,888,1053,485"
1188,Molli,"14,358,303","466,19,1954,1845"
1189,Gabi,"1,249,244","110,291,234,1323"
1190,Madalyn,"90,333,114","630,647,1473,313"
1191,Farrah,"400,450,517","640,1397,1964,1217"
1192,Adore,"227,304,215","1107,1052,1343,177"
1193,Tonia,"92,412,76","1499,1712,240,135"
1194,Malina,"527,291,382","830,1135,344,1526"
1195,Harrietta,"394,41,103","1291,1694,612,1587"
1196,Daphne,"418,417,495","1734,1505,592,402"
1197,Agathe,"531,302,443","839,678,34,1113"
1198,Suzette,"255,9,29","962,1140,923,1506"
1199,Danny,"89,447,236","1529,1058,998,582"
1200,Brynna,"525,442,67","1203,674,1935,436"
1201,Charlena,"469,122,372","243,584,1502,545"
1202,Emilia,"311,52,143","720,1327,1368,1668"
1203,Sharai,"538,451,142","53,654,922,1348"
1204,Brana,"29,50,548","1148,1607,740,1272"
1205,Fanchon,"460,433,499","1165,577,403,1806"
1206,Roz,"185,218,160","1571,962,1972,753"
1207,Blondelle,"379,535,428","632,845,1657,1935"
1208,Dyann,"452,197,180","408,889,295,940"
1209,Georgina,"564,255,318","84,327,1485,925"
1210,Jessy,"182,74,276","206,1137,868,93"
1211,Maud,"254,455,120","856,305,1802,1255"
1212,Cherilyn,"140,496,532","164,932,1026,1208"
1213,Adelle,"165,229,218","1413,643,774,1106"
1214,Karlee,"353,94,96","1826,807,1324,162"
1215,Miquela,"410,303,49","1928,1799,119,1319"
1216,Aurelie,"601,559,139","547,865,191,765"
1217,Anestassia,"298,127,250","1972,1607,1425,1825"
1218,Merry,"160,151,237","101,415,986,594"
1219,Melisent,"305,22,178","1685,982,641,1504"
1220,Joleen,"18,430,4","539,373,941,701"
1221,Starla,"175,188,284","197,1352,173,1107"
1222,Emilia,"27,589,186","1748,179,421,816"
1223,Tamqrah,"482,588,365","1942,387,244,468"
1224,Bibby,"412,65,427","225,1875,1083,1327"
1225,Emelina,"109,73,396","420,433,405,168"
1226,Fred,"512,451,285","1955,979,1762,707"
1227,Sandie,"570,230,532","1569,1402,1746,1264"
1228,Teriann,"127,98,271","1981,293,1701,1054"
1229,Ezmeralda,"380,101,42","1425,526,869,251"
1230,Addia,"197,227,97","1037,71,1681,1183"
1231,Valeda,"277,320,106","1117,885,1970,267"
1232,Jorry,"201,522,240","1078,1076,1915,1586"
1233,Tracey,"8,290,46","1723,704,1621,1875"
1234,Emylee,"226,53,352","1024,1870,103,509"
1235,Konstance,"70,177,317","1905,1277,1240,466"
1236,Ekaterina,"136,429,467","1007,1405,1162,868"
1237,Rayna,"256,547,92","1703,529,944,367"
1238,Cyndie,"97,568,409","736,1878,811,1325"
1239,Corina,"206,375,211","1722,1129,1047,926"
1240,Andree,"95,521,497","221,1705,1848,487"
1241,Johna,"276,239,35","844,858,1303,1649"
1242,Addia,"246,564,525","1774,660,608,710"
1243,Belinda,"587,178,196","1342,1519,1689,1713"
1244,Marleah,"107,60,548","1920,1908,1239,1714"
1245,Nanete,"290,348,409","598,1872,1168,1228"
1246,Janenna,"578,508,561","1944,1247,335,308"
1247,Carolina,"114,30,564","1327,1059,1299,61"
1248,Allis,"386,204,61","978,1096,883,1298"
1249,Gianina,"267,209,361","843,685,292,1755"
1250,Madeleine,"342,454,223","1148,640,1309,846"
1251,Raquela,"180,467,182","1589,266,220,906"
1252,Ingrid,"184,462,169","881,1936,710,1574"
1253,Ann-Marie,"537,392,164","241,1109,1859,1436"
1254,Valeda,"279,502,136","1255,1778,916,727"
1255,Ezmeralda,"280,595,493","410,1355,253,1212"
1256,Britni,"87,217,307","489,124,258,582"
1257,Babita,"5,160,162","30,1312,1914,1204"
1258,Diena,"52,496,486","7,730,1479,964"
1259,Adriana,"16,508,207","779,1075,1178,368"
1260,Alex,"82,505,359","455,542,215,1674"
1261,Phedra,"600,527,252","909,1472,1763,208"
1262,Arlena,"43,265,469","1799,1970,823,381"
1263,Vinita,"25,280,549","710,1623,221,1336"
1264,Jackie,"320,485,365","1994,871,987,1522"
1265,Sissy,"434,291,399","1631,392,1410,241"
1266,Ketti,"73,363,273","1524,395,1483,34"
1267,Kathi,"43,466,574","1406,1266,1709,1910"
1268,Mallory,"455,435,219","418,1076,318,1028"
1269,Lynea,"561,246,392","669,1661,280,377"
1270,Reeba,"49,226,493","199,103,1271,416"
1271,Rebeca,"405,205,111","230,91,958,1349"
1272,Nannie,"382,285,359","686,1210,804,227"
1273,Desirae,"72,155,283","1770,1427,523,1195"
1274,Odessa,"152,42,305","269,1179,7,1919"
1275,Kristan,"342,107,152","632,1127,1431,1726"
1276,Malina,"427,245,37","703,330,1516,838"
1277,Zia,"511,52,500","1083,771,274,1283"
1278,Evaleen,"268,299,200","1438,1809,260,1998"
1279,Jordan,"51,411,416","1437,864,609,621"
1280,Teddie,"106,66,485","865,401,1631,1324"
1281,Marti,"392,200,409","378,1394,872,1895"
1282,Konstance,"278,169,67","415,1907,817,1783"
1283,Raf,"499,123,585","1197,1307,1086,405"
1284,Charissa,"199,555,198","694,269,1110,450"
1285,Melina,"332,442,565","1903,1975,1659,639"
1286,Atlanta,"234,575,459","1458,885,1773,304"
1287,Tybie,"294,528,379","437,1466,960,1769"
1288,Patricia,"548,377,8","1131,1826,831,469"
1289,Elise,"256,204,129","393,1472,1367,1771"
1290,Genevra,"262,284,304","1316,555,56,1618"
1291,Miquela,"227,581,417","726,1145,301,326"
1292,Mireielle,"283,199,181","700,1658,324,1477"
1293,Starla,"206,418,476","845,1784,1285,1772"
1294,Celisse,"323,529,421","1001,1164,1920,422"
1295,Linet,"291,323,211","516,1786,55,423"
1296,Bertine,"562,314,267","885,1128,366,550"
1297,Estell,"46,381,123","251,253,53,181"
1298,Mignon,"28,173,585","161,1546,1739,984"
1299,Rosanne,"327,480,194","385,1224,850,1551"
1300,Lita,"43,578,496","916,643,1721,680"
1301,Mureil,"28,477,413","1920,1171,299,1333"
1302,Shaylyn,"450,335,356","1001,1504,1343,1012"
1303,Edyth,"376,403,418","1502,1998,1824,27"
1304,Harmonia,"504,415,570","543,1275,1797,50"
1305,Gratia,"331,597,175","1834,744,665,1364"
1306,Kathy,"98,203,316","171,147,1101,753"
1307,Beth,"366,64,569","325,35,1352,852"
1308,Gratia,"345,585,512","532,986,937,1743"
1309,Jany,"359,93,68","286,1419,1384,135"
1310,Michaelina,"99,458,329","1196,1452,957,1966"
1311,Elsie,"399,520,22","682,1712,1879,281"
1312,Jere,"490,515,349","1072,367,780,1367"
1313,Lanae,"516,27,161","1725,1893,1691,101"
1314,Violet,"425,199,411","102,1752,161,1933"
1315,Tani,"187,197,379","229,326,1074,1842"
1316,Amalie,"405,407,26","126,1082,109,1539"
1317,Nariko,"162,578,134","837,602,1759,997"
1318,Kary,"65,349,435","1840,631,95,66"
1319,Leia,"575,397,415","471,965,1431,1845"
1320,Carolina,"388,248,492","684,743,844,592"
1321,Emylee,"495,542,286","940,1663,1157,54"
1322,Demetris,"266,343,65","1292,1841,1221,469"
1323,Raina,"189,187,500","997,1856,1169,645"
1324,Liana,"215,117,250","515,762,1095,790"
1325,Cissiee,"316,515,354","10,642,1986,59"
1326,Meriel,"381,16,160","1314,1867,524,757"
1327,Liana,"240,141,479","27,51,1996,786"
1328,Joy,"203,22,194","43,1696,1083,832"
1329,Concettina,"187,430,515","42,1159,426,1339"
1330,Nananne,"155,90,66","928,1789,344,176"
1331,Danny,"520,43,475","1732,134,701,562"
1332,Alameda,"212,130,150","316,1721,415,1029"
1333,Juliane,"22,520,430","1713,1104,635,717"
1334,Dale,"97,218,82","1104,1950,26,1683"
1335,Harmonia,"351,42,392","850,443,969,750"
1336,Cecile,"212,395,61","1080,272,474,777"
1337,Vanessa,"368,111,117","1073,93,1752,1798"
1338,Anthia,"555,458,369","1110,1048,610,1752"
1339,Donnie,"50,5,486","689,899,1223,755"
1340,Gerianna,"275,40,391","932,512,1420,1941"
1341,Veda,"188,289,88","1252,820,299,198"
1342,Sindee,"379,101,128","1828,1388,949,1721"
1343,Jennica,"71,496,569","684,1319,555,1953"
1344,Chrystel,"497,449,574","1189,638,1485,1165"
1345,Shel,"504,420,336","1347,147,308,643"
1346,Adele,"357,500,71","792,556,491,84"
1347,Cathie,"396,235,366","207,578,431,944"
1348,Joelly,"426,58,584","1255,426,208,1876"
1349,Layla,"318,450,166","108,1376,107,1219"
1350,Josephine,"515,358,412","1256,1981,1590,23"
1351,Latisha,"280,576,34","1212,1502,1502,1998"
1352,Dede,"40,450,243","624,1973,1546,694"
1353,Annecorinne,"231,428,47","742,1936,1587,103"
1354,Raf,"159,490,577","936,1886,1184,1490"
1355,Iseabal,"441,89,346","166,1180,202,1891"
1356,Berta,"530,261,94","93,846,757,1810"
1357,Andeee,"30,473,240","802,1538,202,1942"
1358,Melodie,"514,218,357","1251,447,1825,199"
1359,Sandie,"11,522,464","1684,791,1291,626"
1360,Loree,"167,155,516","1346,1342,1600,286"
1361,Marylou,"555,264,368","644,124,1568,1073"
1362,Berta,"51,107,290","1882,1785,234,290"
1363,Oona,"260,332,126","1358,698,475,1382"
1364,Dennie,"486,330,438","1114,1965,309,1841"
1365,Carlie,"151,8,173","1561,893,592,1119"
1366,Ginnie,"145,162,29","1129,1759,1188,1107"
1367,Winifred,"513,131,200","700,1514,578,31"
1368,Daryl,"357,403,191","1942,8,375,1531"
1369,Gabi,"318,508,314","1104,769,872,1958"
1370,Adelle,"446,411,38","1942,1138,1055,1004"
1371,Cyb,"409,330,172","296,757,1653,1913"
1372,Madelle,"387,532,217","969,939,383,1648"
1373,Phedra,"370,485,343","770,610,744,1252"
1374,Zia,"560,175,579","1105,601,1173,380"
1375,Lenna,"496,113,570","268,143,441,955"
1376,Dotty,"352,332,80","1618,1762,247,1312"
1377,Mathilda,"338,572,548","360,401,1051,330"
1378,Nollie,"69,494,16","433,1657,946,854"
1379,Lanna,"302,542,195","908,1035,631,1371"
1380,Darlleen,"63,537,137","416,961,848,1169"
1381,Florie,"351,93,418","1428,478,1272,448"
1382,Farrah,"94,123,128","364,39,1564,1395"
1383,Lynde,"241,168,554","838,1832,681,1093"
1384,Jaclyn,"212,425,98","1941,802,1059,1965"
1385,Claresta,"302,109,485","651,848,153,944"
1386,Ardenia,"124,205,534","1306,704,294,85"
1387,Feliza,"149,54,579","1200,1516,1772,1056"
1388,Danny,"36,281,305","424,901,1437,1369"
1389,Mamie,"562,144,118","1837,1075,1267,1930"
1390,Gale,"455,360,135","1544,1130,1591,1677"
1391,Nerta,"436,34,467","338,205,1120,1690"
1392,Thalia,"380,192,422","1233,102,1682,907"
1393,Darlleen,"242,264,8","614,580,253,1392"
1394,Yvonne,"330,373,99","1855,1765,730,52"
1395,Ginnie,"294,586,317","1683,735,1600,1296"
1396,Leeanne,"195,256,326","1191,1876,257,1947"
1397,Karly,"177,131,521","498,752,1820,1387"
1398,Lilith,"368,430,508","1653,1607,1901,253"
1399,Charlena,"58,453,86","207,716,291,833"
1400,Candy,"36,192,400","1476,599,677,1235"
1401,Joeann,"232,15,8","1909,1469,411,1921"
1402,Florie,"520,155,507","1593,1083,1658,41"
1403,Fina,"599,347,179","1309,600,242,1131"
1404,Willetta,"422,29,595","1234,45,1964,470"
1405,Keelia,"532,284,424","917,1384,795,1522"
1406,Glenda,"138,45,246","1004,819,1814,800"
1407,Blinni,"509,500,149","957,852,803,1185"
1408,Carmencita,"95,284,359","1207,1482,1442,1500"
1409,Diena,"240,454,586","506,1406,90,454"
1410,Jordan,"590,207,114","895,1983,1952,60"
1411,Jeanna,"126,129,399","1634,1564,1133,1680"
1412,Modestia,"349,291,428","535,658,158,1674"
1413,Nannie,"220,434,100","204,720,104,1888"
1414,Lelah,"190,405,481","1475,86,1849,407"
1415,Annaliese,"557,133,141","463,787,1913,913"
1416,Shaine,"420,512,37","891,1659,1857,188"
1417,Sonni,"298,482,88","1636,1631,345,820"
1418,Dania,"592,291,120","1153,427,1419,878"
1419,Meg,"436,173,132","911,706,1053,549"
1420,Deirdre,"350,267,378","1517,1870,532,1844"
1421,Ana,"315,543,1","910,696,746,1930"
1422,Nadine,"353,571,338","465,1013,1045,1086"
1423,Alejandra,"212,233,593","276,1259,1211,213"
1424,Nanete,"150,144,239","523,883,1478,137"
1425,Anthia,"198,323,284","1253,1133,304,1965"
1426,Marti,"350,321,443","1318,1042,1687,692"
1427,Sharlene,"355,474,66","435,1327,1868,1441"
1428,Angelique,"134,272,274","810,978,24,56"
1429,Ofilia,"505,420,86","488,1784,1012,271"
1430,Wendi,"141,400,387","96,480,1411,1773"
1431,Gretal,"433,494,454","1380,660,112,1571"
1432,Dorice,"331,80,204","255,1120,1440,786"
1433,Aaren,"567,361,541","1640,1194,559,1259"
1434,Rivalee,"78,494,7","1858,1687,1280,1339"
1435,Jackie,"49,164,525","642,1548,777,1344"
1436,Marsiella,"235,256,287","627,1155,64,1005"
1437,Kary,"56,3,232","1847,1780,1242,1555"
1438,Kimmy,"101,366,139","1732,23,55,2"
1439,Fina,"490,429,234","1049,949,222,21"
1440,Perry,"26,83,246","293,422,558,1427"
1441,Nicoli,"583,257,597","729,84,1532,1913"
1442,Tera,"16,125,219","1862,1786,580,142"
1443,Shaine,"44,151,422","1942,662,867,786"
1444,Florie,"194,191,268","853,1436,1976,905"
1445,Basia,"207,395,557","1291,247,1909,611"
1446,Bernardine,"584,51,73","810,1322,1042,147"
1447,Shauna,"374,448,104","1786,355,1145,1875"
1448,Danny,"300,327,274","673,783,1326,1439"
1449,Annora,"175,442,313","670,295,1553,701"
1450,Alyda,"440,510,243","1439,463,1208,1374"
1451,Edyth,"454,296,113","575,491,1589,1952"
1452,Sara-Ann,"43,476,93","1937,148,204,1997"
1453,Bill,"62,125,419","1484,19,24,18"
1454,Drucie,"480,560,158","1385,325,373,1461"
1455,Hollie,"278,239,588","529,1958,561,1484"
1456,Ivett,"539,466,194","1912,1393,1386,1748"
1457,Verla,"355,477,408","515,1377,526,568"
1458,Harmonia,"70,550,436","624,466,1735,927"
1459,Marsiella,"575,437,87","1319,1010,1791,359"
1460,Nadine,"583,506,587","1541,1438,661,1170"
1461,Damaris,"119,69,418","880,1538,32,1705"
1462,Lelah,"76,521,306","690,717,862,454"
1463,Delilah,"522,374,294","1633,421,446,1626"
1464,Jacenta,"341,362,110","1349,1904,421,1641"
1465,Livvyy,"502,588,281","119,163,917,1708"
1466,Ida,"370,113,394","1464,390,1169,1945"
1467,Renie,"252,72,372","1033,1379,1262,732"
1468,Brietta,"105,78,452","389,216,839,34"
1469,Nerta,"212,48,370","1572,637,840,1696"
1470,Esmeralda,"526,162,275","423,286,1493,67"
1471,Carly,"78,246,24","205,1972,965,607"
1472,Raina,"538,546,67","79,1760,1820,893"
1473,Sadie,"11,22,567","1328,1830,494,1450"
1474,Kittie,"247,399,426","89,293,288,983"
1475,Petronia,"180,191,437","1708,1044,285,312"
1476,Noelle,"582,209,295","1976,930,1610,1046"
1477,Viki,"306,68,258","468,1103,1791,484"
1478,Jere,"452,439,289","1235,1104,109,434"
1479,Tonia,"198,364,141","601,1078,1170,1931"
1480,Benita,"528,111,270","892,887,436,1409"
1481,Daphne,"407,509,499","1082,1206,1733,1856"
1482,Tracey,"380,524,189","65,528,1398,1699"
1483,Stevana,"385,330,308","1687,1358,173,465"
1484,Vere,"409,34,462","904,1618,1534,1377"
1485,Heddie,"210,466,241","834,145,1484,834"
1486,Katleen,"68,284,201","1513,1592,1618,1103"
1487,Dennie,"573,490,19","1418,806,1296,395"
1488,Jasmina,"370,311,247","1656,402,27,555"
1489,Cristine,"47,590,58","617,574,1638,722"
1490,Selma,"398,564,113","1714,1411,1331,525"
1491,Kassey,"491,73,448","1824,1977,1548,875"
1492,Lindie,"579,482,582","1306,1776,1325,1487"
1493,Barbara,"365,402,249","1987,562,568,649"
1494,Chastity,"154,43,189","1449,835,948,407"
1495,Cecile,"234,255,245","1589,682,1354,1300"
1496,Fredericka,"450,6,306","138,1643,149,1853"
1497,Sallie,"481,166,220","960,362,1504,1111"
1498,Barbi,"36,557,553","683,913,855,1855"
1499,Chrystel,"455,83,498","1740,917,1637,1009"
1500,Arlina,"16,466,30","1960,30,1863,613"
1501,Christal,"13,447,145","69,371,1883,1437"
1502,Viviene,"354,57,16","516,1405,1915,1279"
1503,Elfreda,"591,125,496","194,489,1644,874"
1504,Augustine,"359,272,281","1542,1381,245,1849"
1505,Gertrud,"160,93,18","1214,1344,1677,168"
1506,Dorene,"103,444,362","1639,397,1134,515"
1507,Concettina,"227,182,70","638,379,710,1548"
1508,Alejandra,"134,178,591","1643,985,864,1060"
1509,Chandra,"462,125,198","1849,724,871,885"
1510,Daune,"601,581,356","862,629,53,77"
1511,Danny,"450,166,278","949,1141,1998,1862"
1512,Arabel,"406,312,259","767,7,1888,1641"
1513,Flo,"12,280,344","219,1702,1190,1507"
1514,Magdalena,"235,577,366","1480,1820,863,22"
1515,Janenna,"43,391,562","1753,1584,1084,646"
1516,Farrah,"523,297,489","1959,441,617,1500"
1517,Florencia,"231,511,303","1111,576,1279,728"
1518,Wendi,"122,320,424","50,704,1519,1197"
1519,Kimmy,"602,273,447","967,53,90,1842"
1520,Rosaline,"326,451,409","1911,417,637,1266"
1521,Mahalia,"196,184,325","696,1358,1703,1419"
1522,Bibby,"123,158,421","660,969,981,823"
1523,Michaelina,"222,5,174","1951,1684,591,606"
1524,Loree,"18,558,546","727,1343,667,1607"
1525,Ursulina,"31,366,277","817,1620,72,1503"
1526,Inga,"348,238,487","1618,488,1204,1293"
1527,Cherilyn,"189,175,550","981,457,125,58"
1528,Christal,"372,205,441","1109,25,1890,529"
1529,Quintina,"373,95,210","834,1594,3,868"
1530,Wileen,"446,480,296","1094,717,1877,1997"
1531,Diena,"395,4,75","385,656,1893,1700"
1532,Hayley,"57,27,598","1277,101,1374,1726"
1533,Lila,"57,500,152","1405,727,748,964"
1534,Jere,"555,396,547","1287,97,614,690"
1535,Melisent,"57,450,166","1180,644,250,1271"
1536,Letizia,"306,314,153","246,1839,1288,1835"
1537,Ilse,"180,217,259","1641,1137,1442,1219"
1538,Alia,"141,372,2","347,652,624,608"
1539,Bill,"459,508,272","42,1944,1986,532"
1540,Meriel,"8,485,25","271,1610,1076,90"
1541,Hannis,"102,232,78","795,1463,1716,1508"
1542,Elvira,"518,329,48","1790,1123,1536,710"
1543,Jan,"165,382,546","1349,124,188,6"
1544,Lorne,"300,585,453","916,1804,673,228"
1545,Carolina,"567,116,376","576,1624,1214,653"
1546,Leona,"378,309,485","644,503,20,1006"
1547,Morganica,"601,110,229","1481,1126,1878,1499"
1548,Gratia,"415,336,289","1096,241,942,664"
1549,Lilith,"387,534,552","555,629,277,751"
1550,Jessy,"109,506,415","516,687,370,1066"
1551,Karlee,"106,490,345","32,114,1905,1252"
1552,Trixi,"37,254,519","1183,572,1260,745"
1553,Nickie,"326,314,458","1841,1009,1837,404"
1554,Allis,"393,522,310","1795,1391,604,1699"
1555,Trixi,"275,523,271","182,1986,366,1215"
1556,Monika,"228,348,87","1514,611,1309,572"
1557,Marti,"428,229,546","1335,843,1947,1484"
1558,Nonnah,"416,493,459","1519,858,710,769"
1559,Chrystel,"511,400,245","482,697,1592,1125"
1560,Quintina,"558,330,300","136,1182,455,510"
1561,Drucie,"42,14,250","953,1634,244,1114"
1562,Cam,"43,292,13","1135,277,965,1793"
1563,Zsa Zsa,"580,178,18","1108,1973,1566,1761"
1564,Roz,"106,329,367","1170,1041,467,1989"
1565,Alisha,"54,326,97","689,869,104,1757"
1566,Sharai,"20,99,471","63,1006,1882,1527"
1567,Dennie,"16,228,277","282,1658,1948,1633"
1568,Nessie,"111,340,343","1572,866,794,1384"
1569,Patricia,"117,539,480","1640,1609,1705,771"
1570,Karolina,"551,209,196","1515,124,389,1106"
1571,Dianemarie,"535,295,149","168,1320,855,1590"
1572,Alie,"100,158,541","324,1021,331,1870"
1573,Cathie,"589,468,525","160,1470,1252,1761"
1574,Kirbee,"266,39,496","1130,266,146,738"
1575,Beatriz,"198,335,562","244,343,609,625"
1576,Babita,"398,272,136","704,438,1399,404"
1577,Orsola,"10,462,124","118,220,615,1688"
1578,Rosaline,"98,516,88","1973,323,1903,1466"
1579,Alia,"108,153,284","1450,1258,779,1625"
1580,Janenna,"110,308,496","405,696,1243,1226"
1581,Atlanta,"171,483,492","1311,1041,643,740"
1582,Ezmeralda,"353,209,101","1926,79,1259,965"
1583,Lelah,"168,490,231","309,650,1185,1727"
1584,Celene,"344,241,420","1371,707,452,1333"
1585,Elie,"166,236,232","1497,269,275,1277"
1586,Almeta,"151,32,9","1147,1284,1250,743"
1587,Britni,"511,15,557","527,1562,306,1833"
1588,Sabina,"37,150,94","502,1727,632,256"
1589,Kassey,"590,602,550","1356,1963,564,1441"
1590,Mellicent,"340,549,547","799,676,1404,1327"
1591,Emylee,"173,297,263","1630,1076,487,848"
1592,Maridel,"446,71,50","1540,1850,292,201"
1593,Cindelyn,"248,145,581","1468,885,1472,1227"
1594,Wileen,"99,284,314","1099,670,1792,1817"
1595,Adriana,"94,35,458","15,1005,1053,81"
1596,Claresta,"359,12,533","1402,1848,298,1298"
1597,Priscilla,"492,3,116","1657,1653,1696,1484"
1598,Hildegaard,"122,486,410","1526,1915,756,357"
1599,Corly,"517,109,463","879,892,332,1466"
1600,Dorthy,"94,452,89","1280,638,243,1383"
1601,Hope,"600,388,530","1274,1126,1636,1844"
1602,Janenna,"350,46,109","167,1339,1631,1263"
1603,Malina,"594,590,392","542,1662,1091,1935"
1604,Therine,"60,107,27","1911,1474,1943,1079"
1605,Pierette,"214,296,69","1364,1968,959,517"
1606,Madalyn,"12,214,226","1466,556,1775,1646"
1607,Karina,"348,368,456","1733,1119,1697,1102"
1608,Beatriz,"355,442,195","442,1457,362,1657"
1609,Dennie,"390,348,185","644,345,192,1952"
1610,Andeee,"479,109,458","1540,1281,126,214"
1611,Averyl,"86,72,297","1073,129,1800,471"
1612,Natka,"514,175,535","1440,499,1065,39"
1613,Charissa,"19,526,399","1702,1110,627,386"
1614,Olivette,"592,298,177","450,1844,1116,364"
1615,Jany,"75,350,3","1523,1495,939,1282"
1616,Queenie,"52,40,590","1120,1649,1541,1659"
1617,Sabina,"146,317,536","1341,908,1008,1663"
1618,Thalia,"323,120,464","347,153,924,212"
1619,Nannie,"332,526,452","677,325,951,1689"
1620,Leona,"168,426,317","1292,832,354,76"
1621,Dotty,"106,11,128","366,981,592,779"
1622,Sindee,"482,496,557","290,1910,253,629"
1623,Fernande,"10,88,231","259,794,1958,972"
1624,Dania,"328,556,82","296,1410,880,1914"
1625,Jasmina,"172,166,19","1897,802,307,1310"
1626,Zaria,"340,205,35","1104,379,1281,455"
1627,Doro,"443,62,82","1809,1171,1160,1066"
1628,Jobi,"358,467,275","1813,388,1067,156"
1629,Johna,"548,54,134","520,1705,809,1120"
1630,Vere,"504,551,235","951,1161,821,1552"
1631,Sue,"70,516,105","1985,1048,139,896"
1632,Marylou,"531,238,456","303,822,1704,292"
1633,Kary,"129,549,388","988,1290,173,207"
1634,Maridel,"349,476,152","1101,555,1823,365"
1635,Maurene,"85,242,230","141,326,1854,1826"
1636,Lucy,"455,177,503","137,1288,22,935"
1637,Valeda,"257,163,536","1802,1404,763,571"
1638,Danika,"541,600,227","1068,848,928,450"
1639,Max,"324,443,587","231,1727,789,886"
1640,Emmey,"536,200,286","510,1053,1935,990"
1641,Stephanie,"47,328,304","986,1714,1177,3"
1642,Demetris,"273,11,489","954,248,540,1840"
1643,Tera,"363,235,216","896,1612,968,313"
1644,Penelopa,"155,439,57","101,1963,888,1403"
1645,Marjie,"405,235,39","1886,838,1507,722"
1646,Thalia,"20,82,252","1869,848,1443,1250"
1647,Nicoli,"208,262,349","1710,1312,1500,1720"
1648,Benita,"97,188,266","1016,1562,221,299"
1649,Aurore,"57,197,11","746,339,1446,1371"
1650,Edee,"215,566,288","1908,584,336,311"
1651,Goldie,"251,338,476","1911,1882,724,950"
1652,Marguerite,"82,566,87","1429,41,11,1409"
1653,Jan,"519,363,82","1792,1520,1214,511"
1654,Harrietta,"30,242,545","734,1125,401,580"
1655,Camile,"255,206,300","914,429,428,1200"
1656,Sheelagh,"229,180,28","1284,1496,1377,677"
1657,Liana,"187,77,22","1708,342,81,522"
1658,Marnia,"566,176,525","1645,80,197,981"
1659,Ana,"3,35,449","750,1201,464,1859"
1660,Jsandye,"229,415,561","876,1707,303,1611"
1661,Genevra,"563,288,69","1060,1404,1023,1677"
1662,Louella,"333,182,378","1542,847,686,592"
1663,Veda,"503,250,340","790,1461,915,746"
1664,Sadie,"354,522,224","485,470,1795,244"
1665,Viviene,"432,170,394","159,1751,920,888"
1666,Agathe,"426,540,476","1925,869,796,1792"
1667,Britni,"480,361,84","1543,863,1198,574"
1668,Blondelle,"585,230,51","1105,1413,406,324"
1669,Hollie,"514,345,561","903,1648,1122,472"
1670,Cassondra,"447,330,6","1312,1734,1588,68"
1671,Nikki,"234,253,475","1611,1015,811,1700"
1672,Mady,"548,371,71","1578,1073,1145,1032"
1673,Karina,"481,6,42","1645,1695,33,1423"
1674,Joceline,"46,339,31","116,623,33,1596"
1675,Addia,"364,160,327","1567,1297,1449,624"
1676,Tilly,"418,458,190","115,1953,648,1720"
1677,Corina,"422,341,287","153,318,1590,1294"
1678,Melisent,"508,423,205","843,751,1273,1502"
1679,Maurene,"83,474,526","375,620,66,1390"
1680,Kara-Lynn,"459,347,128","1380,35,129,451"
1681,Libbie,"300,396,544","740,848,706,1235"
1682,Jean,"327,485,179","216,733,888,1265"
1683,Phedra,"454,511,3","485,1986,35,1507"
1684,Gusty,"399,506,254","314,645,1099,1035"
1685,Magdalena,"332,159,235","536,1048,1168,1619"
1686,Wilma,"261,578,425","356,1083,537,95"
1687,Bee,"464,390,437","26,1495,109,1141"
1688,Ottilie,"546,89,167","1814,539,1179,718"
1689,Jinny,"507,327,493","912,1229,584,817"
1690,Edyth,"329,287,5","679,1479,1083,445"
1691,Vonny,"349,270,499","1150,668,1319,1950"
1692,Cyndie,"243,151,306","913,128,1415,1061"
1693,Jacenta,"602,202,46","1480,1024,1398,1790"
1694,Shandie,"142,130,80","1610,388,1827,354"
1695,Ira,"236,318,85","1482,1827,619,801"
1696,Karina,"131,163,295","713,574,574,1659"
1697,Orsola,"108,399,428","284,193,1562,979"
1698,Vanessa,"170,245,455","1817,1312,730,1713"
1699,Roxane,"525,333,582","1723,1905,1351,1857"
1700,Tina,"178,358,25","355,958,665,284"
1701,Ezmeralda,"54,360,512","1617,409,141,1352"
1702,Myrtice,"34,65,19","503,499,1963,1236"
1703,Dorice,"105,450,89","1432,1669,1924,1272"
1704,Ilse,"108,582,497","1618,916,1433,1365"
1705,Sheelagh,"427,595,15","193,1693,154,686"
1706,Teriann,"485,536,583","1998,1810,1495,1601"
1707,Tori,"247,517,462","1206,1238,529,1624"
1708,Doralynne,"465,560,226","1801,1144,360,1149"
1709,Ricky,"43,423,118","1459,1328,1462,1768"
1710,Gretal,"202,146,260","224,1488,1417,441"
1711,Sarette,"125,132,591","1712,476,611,1954"
1712,Juliane,"107,19,227","108,1338,1588,1983"
1713,Marsiella,"237,474,124","155,1377,1787,438"
1714,Edith,"595,56,532","793,1886,953,256"
1715,Jsandye,"291,377,225","1453,754,32,1128"
1716,Kylynn,"496,431,318","1060,1208,150,1474"
1717,Juliane,"68,459,584","909,393,1187,1563"
1718,Margette,"128,83,191","1149,1919,1359,1468"
1719,Wilma,"67,577,547","1670,1108,1012,395"
1720,Annaliese,"585,465,188","237,229,1575,709"
1721,Zsa Zsa,"49,467,40","184,1637,566,272"
1722,Calla,"132,80,83","1615,201,1764,114"
1723,Basia,"550,60,436","1902,1264,1534,742"
1724,Deloria,"96,519,485","151,797,303,385"
1725,Sarette,"559,361,178","1108,1567,424,150"
1726,Sarette,"204,449,126","259,838,1873,952"
1727,Kara-Lynn,"230,124,246","1930,239,1364,1861"
1728,Keelia,"7,110,249","1043,1941,452,1155"
1729,Marcelline,"539,466,556","1120,1759,437,144"
1730,Orsola,"203,9,311","1796,1856,910,1809"
1731,Gratia,"401,74,265","34,1592,1886,1063"
1732,Jere,"264,297,59","575,1272,1545,607"
1733,Jenda,"387,571,556","47,847,1248,1095"
1734,Catrina,"424,47,255","1063,1513,747,1690"
1735,Gusty,"300,311,191","1436,243,1577,1573"
1736,Ann-Marie,"593,248,71","1260,94,963,1494"
1737,Barbi,"558,480,349","224,1408,1717,1996"
1738,Carly,"286,574,169","1964,1273,1326,192"
1739,Pearline,"328,561,590","1334,1573,1309,671"
1740,Lesly,"479,392,221","1362,1558,345,31"
1741,Gwenneth,"131,388,372","1965,1148,341,967"
1742,Jaclyn,"270,477,568","1829,613,1969,525"
1743,Clementine,"310,281,413","1043,1727,199,732"
1744,Grier,"271,602,320","1607,562,1885,1831"
1745,Glenda,"506,96,27","1947,674,873,646"
1746,Heida,"134,257,158","242,331,1912,107"
1747,Ernesta,"525,39,467","1639,1162,225,263"
1748,Kylynn,"314,569,544","1616,1742,1036,839"
1749,Miquela,"182,268,36","663,1799,1714,405"
1750,Mariele,"512,601,3","136,820,1933,86"
1751,Lelah,"442,360,571","1263,73,1963,1972"
1752,Judy,"457,68,544","661,628,428,1900"
1753,Kenna,"49,533,530","399,270,42,1202"
1754,Minne,"219,530,37","1959,1080,1994,1890"
1755,Olivette,"376,206,514","64,1567,150,667"
1756,Arlena,"361,534,588","1086,1918,270,1139"
1757,Misha,"388,64,51","1048,1247,1997,511"
1758,Mathilda,"143,43,236","430,1295,1465,1584"
1759,Nerta,"596,94,151","39,1635,17,1946"
1760,Sashenka,"26,164,411","18,83,222,1200"
1761,Ada,"464,398,321","42,1344,919,656"
1762,Janenna,"408,137,398","597,393,908,1873"
1763,Lusa,"549,455,33","28,777,1346,960"
1764,Ursulina,"390,86,106","192,1064,512,1700"
1765,Blake,"102,143,323","1009,1274,1812,815"
1766,Ericka,"26,101,380","1630,771,1642,865"
1767,Dorene,"476,340,579","1059,852,1114,1549"
1768,Lauryn,"181,79,208","389,1088,679,1694"
1769,Celestyna,"145,386,353","232,1256,862,797"
1770,Starla,"413,249,445","1216,639,1611,1779"
1771,Sue,"455,118,362","1967,159,1679,902"
1772,Wilma,"115,231,398","702,1017,1917,638"
1773,Clementine,"352,61,292","706,1676,1154,1139"
1774,Dorice,"225,387,150","1724,1030,1849,686"
1775,Robbi,"30,112,524","939,1482,94,1741"
1776,Josephine,"291,242,564","380,162,376,1051"
1777,Melanie,"394,429,322","1168,1427,736,250"
1778,Jenilee,"491,98,71","587,1301,1042,821"
1779,Henriette,"470,341,412","421,93,1479,776"
1780,Tatiania,"492,394,280","1621,1611,798,69"
1781,Mady,"468,313,429","593,77,501,1818"
1782,Jackie,"50,401,134","1883,279,1698,1638"
1783,Carilyn,"334,167,383","210,1746,1719,196"
1784,Ardeen,"602,261,298","420,1006,840,241"
1785,Kellen,"545,42,220","1243,1725,729,1408"
1786,Danika,"195,283,561","160,172,483,416"
1787,Linet,"268,114,131","227,464,1953,1955"
1788,Annice,"390,505,263","1564,499,579,87"
1789,Zia,"42,147,121","76,52,889,346"
1790,Minda,"22,595,198","1588,392,1816,1151"
1791,Valli,"457,403,8","930,990,490,1079"
1792,Pollyanna,"73,184,242","54,632,1068,597"
1793,Neila,"45,596,355","461,1746,626,814"
1794,Jemie,"358,238,109","964,596,892,898"
1795,Hayley,"310,23,427","1775,469,1975,490"
1796,Veda,"316,210,12","1384,1283,80,248"
1797,Delilah,"588,575,472","1190,805,182,196"
1798,Lila,"59,329,410","1990,1834,98,1483"
1799,Viviene,"429,432,285","1600,1267,112,1602"
1800,Atlanta,"383,375,75","595,1944,1858,905"
1801,Judy,"396,14,373","1946,1192,896,206"
1802,Madalyn,"480,430,175","978,848,1355,1800"
1803,Wynne,"542,574,546","705,801,218,292"
1804,Allis,"120,477,156","1047,1857,444,1366"
1805,Lorenza,"290,194,312","452,400,950,1008"
1806,Jorry,"414,353,504","1411,1116,1101,1630"
1807,Lynde,"162,362,105","1573,867,1549,1344"
1808,Shirlee,"221,244,375","1493,717,444,570"
1809,Ashlee,"480,435,127","1793,333,1697,833"
1810,Kate,"309,380,424","810,1810,891,683"
1811,Yvonne,"501,59,307","474,1461,867,1259"
1812,Tabbatha,"496,597,7","414,874,379,425"
1813,Marleah,"126,109,479","1905,1956,408,14"
1814,Karly,"73,352,255","70,1325,1923,1238"
1815,Ernesta,"302,232,567","1748,1562,19,732"
1816,Jerry,"236,511,223","1501,984,966,110"
1817,Angelique,"27,258,202","403,1376,1268,1779"
1818,Linzy,"563,561,218","118,565,1901,1687"
1819,Felice,"408,568,8","1300,1769,881,1148"
1820,Glynnis,"127,427,437","1331,1693,1121,1976"
1821,Gavrielle,"21,408,261","226,1359,1914,1825"
1822,Gui,"523,166,474","1230,1876,1049,582"
1823,Gilda,"517,541,24","1003,130,1684,3"
1824,Hope,"136,255,263","1141,1750,1659,816"
1825,Sandie,"305,139,105","1567,80,1222,1480"
1826,Kamilah,"35,304,117","559,1773,228,786"
1827,Kristan,"65,90,421","1716,1108,993,53"
1828,Eve,"371,61,399","1574,776,1545,352"
1829,Gretal,"252,145,292","163,1786,185,1213"
1830,Kellen,"35,355,252","1495,1751,1820,199"
1831,Shaylyn,"245,445,224","479,894,1270,1247"
1832,Gisela,"55,336,291","1623,1016,1906,1525"
1833,Lynde,"309,507,415","1733,1344,412,1033"
1834,Chrystel,"255,156,78","207,1275,894,581"
1835,Rosanne,"248,71,6","1183,945,1387,743"
1836,Atlanta,"230,237,319","1845,1228,963,1717"
1837,Danny,"255,246,375","1744,226,1335,119"
1838,Eugine,"305,327,422","1328,1407,1401,845"
1839,Desirae,"597,267,500","36,459,1080,223"
1840,Alejandra,"235,379,205","1609,626,1367,386"
1841,Jacquetta,"245,271,524","1973,465,1503,1112"
1842,Iseabal,"554,516,72","1649,897,359,1162"
1843,Kalina,"338,58,219","1139,1976,1916,1328"
1844,Cindelyn,"157,352,409","288,142,934,497"
1845,Jasmina,"127,219,524","1241,1376,726,1129"
1846,Jerry,"28,479,83","224,1046,324,2"
1847,Etta,"57,455,162","553,1270,616,670"
1848,Sandie,"500,49,53","259,1225,279,71"
1849,Wynne,"449,273,22","1577,856,65,863"
1850,Jessamyn,"299,547,518","929,240,698,16"
1851,Ginnie,"413,158,575","186,984,571,1735"
1852,Lilith,"217,442,500","1194,1602,712,1411"
1853,Etta,"29,571,535","1516,653,1901,222"
1854,Philis,"477,537,440","315,397,910,1016"
1855,Kathy,"294,296,556","1456,924,1710,880"
1856,Konstance,"444,156,437","1038,895,40,680"
1857,Dione,"136,173,498","785,471,1476,354"
1858,Selma,"394,71,217","762,634,906,1155"
1859,Fidelia,"115,270,142","1567,316,1291,1442"
1860,Cherrita,"288,51,232","835,1530,472,1588"
1861,Averyl,"568,278,177","965,928,634,1501"
1862,Elise,"34,171,427","1717,891,538,565"
1863,Tatiania,"1,168,305","890,1539,1137,1357"
1864,Eugine,"558,156,170","1082,1822,1229,863"
1865,Kore,"534,427,254","631,1937,612,1672"
1866,Charissa,"27,175,98","1211,1,1853,1582"
1867,Mamie,"581,118,45","454,1374,1737,760"
1868,Loree,"204,545,9","1017,405,1275,1450"
1869,Bobinette,"267,180,117","1246,1630,1760,1548"
1870,Rosanne,"7,129,419","630,405,761,439"
1871,Elvira,"331,470,151","859,90,1168,201"
1872,Nariko,"86,435,495","1753,829,1297,957"
1873,Lisette,"275,374,542","840,1757,1143,666"
1874,Sam,"196,176,52","768,89,894,1135"
1875,Brianna,"354,114,497","378,1641,1449,1965"
1876,Claudina,"336,354,126","438,767,1089,1041"
1877,Devina,"213,305,197","313,389,396,601"
1878,Elyssa,"200,173,518","705,931,1205,540"
1879,Aimil,"35,331,560","1808,1158,1325,1662"
1880,Ethel,"544,315,591","1384,1338,1572,1374"
1881,Annaliese,"20,93,524","1742,1393,1250,1223"
1882,Elyssa,"283,596,530","626,58,10,723"
1883,Brandise,"353,543,453","1059,95,869,1636"
1884,Leanna,"255,168,343","1864,1652,1045,934"
1885,Benita,"186,515,462","299,1975,586,922"
1886,Jackie,"33,102,300","680,241,857,1051"
1887,Layla,"392,246,218","1702,1446,1332,1220"
1888,Kittie,"270,519,523","1038,1438,1129,1559"
1889,Briney,"596,528,320","97,626,978,588"
1890,Donetta,"533,56,117","1881,645,669,1233"
1891,Corina,"456,269,49","1001,167,1486,461"
1892,Margarette,"122,528,151","1987,1620,1451,1224"
1893,Agathe,"4,537,406","282,182,356,714"
1894,Imojean,"163,36,457","1563,1415,86,1436"
1895,Ricky,"368,223,416","1738,978,1314,1752"
1896,Doralynne,"59,207,190","1032,365,1657,1361"
1897,Kayla,"71,595,580","1706,624,1152,1818"
1898,Janenna,"89,393,462","871,1882,1020,674"
1899,Priscilla,"491,264,513","1451,1018,860,49"
1900,Margette,"199,115,158","1008,1239,1966,629"
1901,Britni,"266,388,69","461,98,66,351"
1902,Rosanne,"458,369,601","1233,739,989,204"
1903,Ada,"26,11,177","1911,1060,796,1982"
1904,Clementine,"398,151,249","1063,1978,873,898"
1905,Ayn,"322,37,214","1222,934,1798,366"
1906,Moyna,"27,395,323","1624,955,1544,1794"
1907,Jacquetta,"456,316,111","572,966,607,870"
1908,Bernie,"399,445,171","694,1768,574,1541"
1909,Quintina,"579,26,552","930,284,1733,1000"
1910,Sissy,"429,135,455","1451,822,1530,1515"
1911,Steffane,"297,318,84","1899,1048,984,1008"
1912,Dorene,"425,61,345","721,202,661,1521"
1913,Elka,"78,267,492","1689,742,531,1710"
1914,Nerta,"425,260,477","1878,696,1718,847"
1915,Joleen,"422,306,388","1073,975,19,1843"
1916,Jackie,"211,540,596","1461,220,310,762"
1917,Katleen,"598,587,113","643,1424,1343,1762"
1918,Andree,"398,519,417","407,1420,144,1757"
1919,Morganica,"86,588,303","1506,1083,1269,6"
1920,Selma,"446,363,462","722,1342,1544,1080"
1921,Odessa,"194,575,51","1253,692,1662,99"
1922,Maridel,"144,273,16","1797,1827,702,624"
1923,Annora,"48,423,508","976,323,1595,1159"
1924,Jessamyn,"91,163,441","1635,418,1041,827"
1925,Barbara,"524,366,338","1036,282,80,488"
1926,Ivett,"349,232,15","845,715,1653,1756"
1927,Roz,"436,416,527","1328,1725,809,228"
1928,Dacia,"37,575,194","1153,1374,961,739"
1929,Alisha,"137,382,199","24,451,1052,408"
1930,Pearline,"230,254,598","173,922,477,317"
1931,Bibby,"528,453,143","205,543,1351,466"
1932,Emmey,"522,531,345","571,355,416,1033"
1933,Binny,"250,402,465","1980,1601,526,1804"
1934,Georgetta,"280,392,225","293,693,1293,717"
1935,Rani,"413,22,433","708,834,1848,1629"
1936,Alyssa,"29,353,88","1015,1176,795,1743"
1937,Therine,"420,282,245","1339,1386,115,1740"
1938,Coral,"28,45,511","1437,1805,1475,22"
1939,Emma,"388,464,461","84,1654,1524,363"
1940,Sophia,"188,159,127","673,1902,935,909"
1941,Lesly,"213,207,514","115,1454,1832,1976"
1942,Frank,"294,593,542","1921,1929,1686,546"
1943,Hettie,"133,264,595","1401,1485,1452,1699"
1944,Beverley,"494,258,581","1110,819,788,1381"
1945,Latisha,"134,391,564","1679,403,1171,984"
1946,Margette,"599,343,298","1896,191,892,741"
1947,Korrie,"466,201,398","1684,466,947,495"
1948,Sashenka,"225,531,418","1139,1664,1598,1989"
1949,Fernande,"350,536,406","937,1393,110,1408"
1950,Betta,"123,35,166","1201,28,207,1053"
1951,Dolli,"569,386,185","1047,1668,1133,1499"
1952,Catharine,"453,538,296","57,1724,421,1791"
1953,Lacie,"132,428,412","1297,812,1690,1984"
1954,Violet,"491,65,323","706,153,14,1968"
1955,Dawn,"436,467,184","479,322,552,1311"
1956,Fawne,"76,269,198","1542,29,537,1608"
1957,Tierney,"11,363,438","927,508,63,1448"
1958,Moyna,"22,227,281","1765,1119,216,273"
1959,Riannon,"204,526,188","544,72,183,506"
1960,Corina,"463,31,331","1255,1770,912,768"
1961,Amalie,"305,297,190","1789,602,1153,624"
1962,Liana,"285,50,63","740,1232,1912,16"
1963,Kate,"78,410,461","639,1793,612,634"
1964,Nadine,"520,288,157","1210,316,1685,1257"
1965,Magdalena,"113,426,377","1431,1100,1861,815"
1966,Susette,"96,184,317","1591,961,1175,483"
1967,Mariann,"270,547,440","855,999,100,1574"
1968,Tina,"409,230,358","850,372,1097,672"
1969,Steffane,"461,449,312","304,767,1803,1461"
1970,Jaclyn,"575,392,371","1947,1054,1095,1941"
1971,Danika,"336,250,435","1184,620,599,1715"
1972,Jinny,"577,540,557","1684,1611,1419,47"
1973,Anallese,"568,280,194","272,614,1436,1586"
1974,Viki,"231,423,329","402,1897,1064,276"
1975,Claudina,"351,154,600","1707,1380,1475,709"
1976,Jackie,"218,348,592","610,1420,1592,313"
1977,Lorne,"246,563,147","464,1469,1963,66"
1978,Xylina,"333,35,75","237,428,1753,296"
1979,Lanna,"597,77,415","851,1594,1176,1630"
1980,Kara-Lynn,"469,578,391","956,1380,32,1544"
1981,Melanie,"188,515,478","622,655,1908,945"
1982,Eadie,"476,371,316","170,336,1653,1455"
1983,Claresta,"255,49,265","182,1184,3,1442"
1984,Christy,"223,321,365","1695,307,119,1738"
1985,Donetta,"212,272,272","578,557,531,424"
1986,Carilyn,"404,549,430","1828,239,917,871"
1987,Elbertina,"29,403,435","1614,1077,1001,848"
1988,Melina,"279,349,148","207,602,150,119"
1989,Ida,"501,134,511","325,1270,1511,1007"
1990,Shauna,"6,302,155","879,1586,844,261"
1991,Laure,"174,298,598","439,1802,284,549"
1992,Kristan,"98,287,253","1487,462,270,1941"
1993,Mahalia,"254,452,382","1191,790,742,674"
1994,Rayna,"83,308,596","813,1012,1182,465"
1995,Sissy,"123,489,546","1619,856,1113,862"
1996,Lynnea,"55,247,516","742,1726,1574,1378"
1997,Livvyy,"130,58,278","1683,518,648,1181"
1998,Meriel,"150,470,549","308,216,313,302"
1999,Drucie,"215,221,37","138,776,1080,450"
2000,Aubrie,"304,89,467","1511,1884,397,1117"